x, y, theta, stamp, 
5.329070518200751e-15, -1.2434497875801753e-14, -3.2775125967412735e-11, 1761316356199702442, 
5.329070518200751e-15, -1.2434497875801753e-14, -3.436674006644581e-11, 1761316356249634300, 
5.329070518200751e-15, -1.2434497875801753e-14, -3.550360728004087e-11, 1761316356299920932, 
5.329070518200751e-15, -1.2434497875801753e-14, -3.732259482179296e-11, 1761316356359724518, 
5.329070518200751e-15, -1.2434497875801753e-14, -3.891420892082604e-11, 1761316356409059168, 
5.329070518200751e-15, -1.2434497875801753e-14, -4.005107613442109e-11, 1761316356459997204, 
5.329070518200751e-15, -1.2434497875801753e-14, -4.164269023345417e-11, 1761316356501023542, 
0.0016749377828091383, -7.813874981366098e-05, 0.0031962255329449616, 1761316356552988760, 
0.005697230808436871, 3.549895700416528e-05, 0.004793157341949097, 1761316356595894173, 
0.012434498406946659, -0.00018332913168706, 0.004854433122673223, 1761316356644781216, 
0.021881546825170517, -0.000518868095241487, 0.0030393647199026177, 1761316356694415885, 
0.03244514763355255, -0.00020927461446262896, 0.0036897710272321186, 1761316356745915734, 
0.04416104406118393, -0.00021039583953097463, 0.005042313256223171, 1761316356789091235, 
0.06673255562782288, -3.2807307434268296e-05, 0.005042313256223171, 1761316356860196816, 
0.09563840925693512, 0.0002593225799500942, 0.006679039197877303, 1761316356949807549, 
0.12583357095718384, 0.0005399163346737623, 0.00965327896972333, 1761316357049247981, 
0.15358300507068634, 0.00081611581845209, 0.0116941222821634, 1761316357140315910, 
0.19096457958221436, 0.0014103990979492664, 0.014533443513646943, 1761316357259936309, 
0.21917013823986053, 0.0018422127468511462, 0.017048034708080563, 1761316357349632917, 
0.24988532066345215, 0.002300357911735773, 0.019453673198934235, 1761316357449722487, 
0.2774610221385956, 0.002998513635247946, 0.024385586770614722, 1761316357539336643, 
0.3144254684448242, 0.004097030032426119, 0.03440657259829599, 1761316357660632994, 
0.3420512080192566, 0.005202697589993477, 0.040785040210309875, 1761316357749632554, 
0.3730466365814209, 0.006558888591825962, 0.047789295665125256, 1761316357849043692, 
0.4010084867477417, 0.008177285082638264, 0.06175329056883832, 1761316357939685294, 
0.43825563788414, 0.01097479835152626, 0.08090885186819277, 1761316358060658610, 
0.4659777581691742, 0.013551348820328712, 0.0973604276792693, 1761316358151646165, 
0.49698320031166077, 0.017052510753273964, 0.11851232444569888, 1761316358249632848, 
0.5240343809127808, 0.020447736606001854, 0.13843678928952521, 1761316358340858047, 
0.5609570145606995, 0.026325255632400513, 0.17259904389662295, 1761316358460663261, 
0.588101327419281, 0.03134814277291298, 0.19679341048722543, 1761316358550654322, 
0.6178882122039795, 0.0378294363617897, 0.2257873248483799, 1761316358649631655, 
0.645183801651001, 0.044548146426677704, 0.2537443425777053, 1761316358740000313, 
0.6809194684028625, 0.05463859811425209, 0.28960749886863263, 1761316358860668235, 
0.7074253559112549, 0.06301722675561905, 0.31389350537414956, 1761316358950632851, 
0.7365649342536926, 0.07319828122854233, 0.3419189575989119, 1761316359049664469, 
0.7624508738517761, 0.0827871784567833, 0.37282623457255404, 1761316359140765743, 
0.7968074083328247, 0.0970940962433815, 0.4142665838700829, 1761316359259646783, 
0.8224048614501953, 0.1089116707444191, 0.44511946349156295, 1761316359350665511, 
0.8503780364990234, 0.1230168268084526, 0.47838007537049926, 1761316359449705866, 
0.8748508095741272, 0.1360633820295334, 0.5109189494046211, 1761316359541805255, 
0.9060114622116089, 0.15434370934963226, 0.548049596132435, 1761316359658675168, 
0.9303624629974365, 0.16990572214126587, 0.5753858375786041, 1761316359749670202, 
0.9558154344558716, 0.18724006414413452, 0.6086821929761757, 1761316359848726032, 
0.9785271286964417, 0.203507661819458, 0.6363405138247957, 1761316359940280367, 
1.0073250532150269, 0.22590819001197815, 0.6741979309446998, 1761316360058641639, 
1.029116153717041, 0.24395473301410675, 0.7042076653221638, 1761316360149630957, 
1.0516865253448486, 0.2639048993587494, 0.7333081877522233, 1761316360247744318, 
1.0725064277648926, 0.2834044098854065, 0.7618640830595081, 1761316360340163097, 
1.0980921983718872, 0.30885639786720276, 0.7957289719784968, 1761316360457679828, 
1.118152379989624, 0.33016470074653625, 0.825039752429719, 1761316360550661883, 
1.1384106874465942, 0.35299140214920044, 0.8558857151450655, 1761316360647837989, 
1.1605380773544312, 0.3797765076160431, 0.8858899051758523, 1761316360760060018, 
1.1789097785949707, 0.40329790115356445, 0.9130142081694564, 1761316360857653341, 
1.1961181163787842, 0.42613252997398376, 0.9399618152341578, 1761316360950643678, 
1.214008092880249, 0.4516119658946991, 0.9691170926228839, 1761316361051643758, 
1.2292498350143433, 0.4748750925064087, 0.9939346595545313, 1761316361140679876, 
1.2482783794403076, 0.505503237247467, 1.0239237320989043, 1761316361256685243, 
1.2630342245101929, 0.5308070182800293, 1.050013536209919, 1761316361350658355, 
1.2780063152313232, 0.5581648945808411, 1.0746266271461637, 1761316361450648202, 
1.290513277053833, 0.5824142098426819, 1.0943832921656764, 1761316361540127697, 
1.3064669370651245, 0.6146369576454163, 1.122080848087322, 1761316361655657745, 
1.3187259435653687, 0.6411628723144531, 1.1449901920429797, 1761316361750731199, 
1.3311431407928467, 0.66960608959198, 1.1717965140975213, 1761316361850645501, 
1.3438193798065186, 0.7015025019645691, 1.1984514461920492, 1761316361960121545, 
1.3547672033309937, 0.7307108640670776, 1.221478731949269, 1761316362061689740, 
1.3640192747116089, 0.756986677646637, 1.2388106488659483, 1761316362150649558, 
1.3736884593963623, 0.7862399816513062, 1.2598681377041214, 1761316362250749642, 
1.3836109638214111, 0.8189955353736877, 1.2832338626845432, 1761316362360287853, 
1.391930341720581, 0.8490532636642456, 1.303506682833703, 1761316362460660119, 
1.3988258838653564, 0.8758951425552368, 1.323039568166473, 1761316362550649541, 
1.4053009748458862, 0.9039889574050903, 1.3447458509816748, 1761316362645676747, 
1.4116711616516113, 0.9349094033241272, 1.3653365944326052, 1761316362745761707, 
1.4178332090377808, 0.9679757952690125, 1.3854114683982348, 1761316362856694968, 
1.4228219985961914, 0.9982437491416931, 1.4052157274000205, 1761316362954668961, 
1.4270762205123901, 1.026374101638794, 1.4220729001729047, 1761316363046657293, 
1.4310638904571533, 1.0570074319839478, 1.4392221809407124, 1761316363145023688, 
1.4350805282592773, 1.0924206972122192, 1.4596932532336937, 1761316363260674254, 
1.4377740621566772, 1.1200392246246338, 1.4741170610816112, 1761316363350208104, 
1.4400274753570557, 1.151092767715454, 1.4915697426877286, 1761316363450007009, 
1.441917896270752, 1.1786243915557861, 1.50557674499341, 1761316363540690226, 
1.443743348121643, 1.2158185243606567, 1.5229494191777753, 1761316363660101184, 
1.4446752071380615, 1.2438493967056274, 1.5334978905009509, 1761316363750074515, 
1.4455331563949585, 1.2749316692352295, 1.5460666979044164, 1761316363850865243, 
1.4460222721099854, 1.3028391599655151, 1.5589700083840283, 1761316363940761481, 
1.4460713863372803, 1.3398046493530273, 1.5735399980394038, 1761316364060752039, 
1.4456136226654053, 1.3678518533706665, 1.5847059932617236, 1761316364150682858, 
1.4448015689849854, 1.3984806537628174, 1.5974294309660688, 1761316364249994782, 
1.4437438249588013, 1.4321502447128296, 1.6067320557693403, 1761316364360131438, 
1.442317247390747, 1.462329387664795, 1.6168913091252977, 1761316364460696498, 
1.4409887790679932, 1.4887595176696777, 1.6260785257754264, 1761316364550680469, 
1.4392403364181519, 1.516135334968567, 1.6337930509047598, 1761316364650680721, 
1.4374090433120728, 1.540145993232727, 1.6404911942857079, 1761316364740105216, 
1.4349979162216187, 1.570304274559021, 1.6487853695374173, 1761316364860681618, 
1.4329661130905151, 1.5925805568695068, 1.6559420324102005, 1761316364951680761, 
1.4307997226715088, 1.6168584823608398, 1.6632416498125082, 1761316365050706418, 
1.428800106048584, 1.637371301651001, 1.6673355806276617, 1761316365140503361, 
1.426229476928711, 1.663232684135437, 1.6714960962150966, 1761316365260712351, 
1.4243398904800415, 1.682929515838623, 1.6750966187826466, 1761316365350712402, 
1.4221190214157104, 1.7037036418914795, 1.6806340241058237, 1761316365450685161, 
1.4197661876678467, 1.7219041585922241, 1.6833570579589987, 1761316365540234341, 
1.417085886001587, 1.7444008588790894, 1.6842484276791903, 1761316365660713421, 
1.415168285369873, 1.7613155841827393, 1.684611773450986, 1761316365750671798, 
1.4129854440689087, 1.779302716255188, 1.687494011092077, 1761316365850765515, 
1.411057710647583, 1.7944883108139038, 1.6869005804460853, 1761316365940869353, 
1.4086178541183472, 1.8138505220413208, 1.6871304834657594, 1761316366060713666, 
1.4070957899093628, 1.8282610177993774, 1.6839757859104856, 1761316366152674829, 
1.405325174331665, 1.843528151512146, 1.6818610567692809, 1761316366249763595, 
1.4037234783172607, 1.8570882081985474, 1.6799416889087455, 1761316366341116538, 
1.4018950462341309, 1.8739081621170044, 1.6761361377915924, 1761316366459687072, 
1.4005675315856934, 1.8867013454437256, 1.6732941851349297, 1761316366550709859, 
1.3992156982421875, 1.8997024297714233, 1.668702976239754, 1761316366648725199, 
1.3980292081832886, 1.9115897417068481, 1.6641037425162513, 1761316366740294619, 
1.3966283798217773, 1.9264298677444458, 1.657211273332724, 1761316366858869737, 
1.395668864250183, 1.9379273653030396, 1.6527024402869708, 1761316366950707796, 
1.3946365118026733, 1.9493836164474487, 1.6465134279382383, 1761316367048777641, 
1.3938267230987549, 1.959448218345642, 1.6398052939481813, 1761316367140739231, 
1.3930782079696655, 1.9725631475448608, 1.63287638406233, 1761316367257722448, 
1.3924946784973145, 1.982568621635437, 1.6256348694508869, 1761316367350682243, 
1.3919700384140015, 1.9925477504730225, 1.6183978291387295, 1761316367451776317, 
1.3914903402328491, 2.000917434692383, 1.6112107512568394, 1761316367540824812, 
1.3909376859664917, 2.012279510498047, 1.6024603106230222, 1761316367657722555, 
1.3905856609344482, 2.020995616912842, 1.5951614573163124, 1761316367750703463, 
1.3903249502182007, 2.029745101928711, 1.5875114289845185, 1761316367851778490, 
1.3901678323745728, 2.0374650955200195, 1.5807167567384068, 1761316367940369402, 
1.3899626731872559, 2.047072649002075, 1.5706144853811714, 1761316368056708754, 
1.3901386260986328, 2.0547285079956055, 1.5622898619215986, 1761316368150723165, 
