odom_x, odom_y, odom_th, odom_vx, odom_yawrate, pf_x, pf_y, pf_th, stamp, 
-1.649690801741599e-07, 1.9292588149255607e-07, -1.908682197844668e-06, 0.0, -2.218573935675039e-10, 0.03866919926353055, 0.08536378735202453, 0.006248952779226674, 1763139403005240771, 
-1.649690801741599e-07, 1.9292588149255607e-07, -1.9087294929029345e-06, 0.0, -2.1838458819090079e-10, 0.038197956850897545, 0.08252135466687308, 0.007103081654801817, 1763139403215922912, 
-1.649690801741599e-07, 1.9292588149255607e-07, -1.908773149879796e-06, 0.0, -2.2612506311858738e-10, 0.03440778718214642, 0.08472717793699033, 0.005663424205145869, 1763139403405204201, 
-1.649690801741599e-07, 1.9292588149255607e-07, -1.908820444938062e-06, 0.0, -2.1821153217693734e-10, 0.03727218313808723, 0.0816270910286985, 0.0031951941699627714, 1763139403615956472, 
-1.649690801741599e-07, 1.9292588149255607e-07, -1.9088641019149237e-06, 0.0, -2.2141691258248386e-10, 0.039289136903796124, 0.08155357947099498, -7.04636993556905e-06, 1763139403805474147, 
-1.649690801741599e-07, 1.9292588149255607e-07, -1.90891139697319e-06, 0.0, -2.1431389995996142e-10, 0.03858077309466866, 0.08518928824095427, 0.0035969500857076474, 1763139404015935234, 
-1.649690801741599e-07, 1.9292588149255607e-07, -1.9089332254616204e-06, 0.0, -2.1400639593771587e-10, 0.037729602397521524, 0.08551437875170832, 0.006108476203628346, 1763139404116958673, 
-1.649690801741599e-07, 1.9292588149255607e-07, -1.908980520519887e-06, 0.0, -2.6802057795372036e-10, 0.03993926035219463, 0.08456602977223925, 0.004426541879886756, 1763139404316826934, 
-1.649690801741599e-07, 1.9292588149255607e-07, -1.9090023490083177e-06, 0.0, -2.181887448493569e-10, 0.03937731447513242, 0.08432692920988068, 0.0027330608455122794, 1763139404415968896, 
-1.649690801741599e-07, 1.9292588149255607e-07, -1.909024177496748e-06, 0.0, -2.172167723468732e-10, 0.038017789844662045, 0.0856991196872426, 0.0021446032090027814, 1763139404516178598, 
0.002276151441037655, -0.0003426372422836721, -0.05309431051727591, 0.017853807448620168, -0.6075731515884399, 0.040679242355379584, 0.0873217944972081, -0.021351468044879404, 1763139404717930103, 
0.005113475024700165, -0.00017476489301770926, -0.10146650131039156, 0.026391278010883763, -0.4457148611545563, 0.041859496227106906, 0.08508745627078967, -0.07759875529746277, 1763139404815929879, 
0.007299425546079874, -0.00044049584539607167, -0.15224272637454347, 0.019454117111878694, -0.4940694570541382, 0.04442782478958468, 0.08296555803910473, -0.14502584245805492, 1763139404916935830, 
0.009385475888848305, -0.0009044879116117954, -0.19887857615258692, 0.027071158792668845, -0.5246217846870422, 0.04690839974465125, 0.08546664590354333, -0.22050039400234658, 1763139405005603802, 
0.014079430140554905, -0.0016007532831281424, -0.3055296935990047, 0.018856356780016688, -0.4692056179046631, 0.05087312919924635, 0.0838593735953046, -0.2873103902727158, 1763139405216973750, 
0.016408167779445648, -0.0020817527547478676, -0.3569599381151323, 0.019922453766813477, -0.5149664282798767, 0.05719705522488596, 0.07967417783943895, -0.36212443045033327, 1763139405316959700, 
0.018296971917152405, -0.0027533508837223053, -0.4029574820122227, 0.020954366652378875, -0.5316270589828491, 0.058686022760863835, 0.08196951092066539, -0.4322963334731055, 1763139405405302325, 
0.022572780027985573, -0.00468403659760952, -0.506265381598448, 0.027071895341464217, -0.4928976595401764, 0.0652812668527442, 0.08090973905867485, -0.5056510032478819, 1763139405611972127, 
0.024408143013715744, -0.005652213003486395, -0.5590992834818648, 0.021925227758516304, -0.50271075963974, 0.07118456139170135, 0.08148939704131188, -0.577079925316561, 1763139405716930289, 
0.027802634984254837, -0.007759811822324991, -0.6548350556412983, 0.028775640836704912, -0.5410486459732056, 0.07067344586065782, 0.08022952009941287, -0.6468439174546038, 1763139405900318165, 
0.030455200001597404, -0.00994107685983181, -0.7211878364964687, 0.02630399093029515, -0.6141929030418396, 0.07261275515290376, 0.07916736341325192, -0.7295581424501114, 1763139406010982070, 
0.03274763375520706, -0.011848552152514458, -0.7822408996664701, 0.024209045769922097, -0.57181715965271, 0.07582794400311871, 0.07500684482674845, -0.7849881253466436, 1763139406116933758, 
0.03575995936989784, -0.014631954953074455, -0.8287652317190017, 0.021780794601450264, -0.22104085981845856, 0.07923225927645663, 0.06917510263201912, -0.8165486026582763, 1763139406316083447, 
0.0371151864528656, -0.016191579401493073, -0.8491813099697972, 0.022238655784292502, -0.19807156920433044, 0.08435107541173083, 0.06465982752596891, -0.8464010109729996, 1763139406415962000, 
0.03856866434216499, -0.01797035150229931, -0.8686529416183902, 0.029392853775097844, -0.1919218748807907, 0.08668166674021166, 0.06727986201813135, -0.8696177316131569, 1763139406516075791, 
0.04353716969490051, -0.023975316435098648, -0.8853813230327314, 0.03320077023112055, -0.04867776855826378, 0.08949171673899466, 0.06659692628290644, -0.8781829505365132, 1763139406716423858, 
0.045481372624635696, -0.02605382353067398, -0.8785586924750699, 0.03086595129838093, 0.11887313425540924, 0.09064735988481717, 0.05583848680311065, -0.8583997113102464, 1763139406815997326, 
0.04801345244050026, -0.028871506452560425, -0.8628146806658195, 0.04109929993386196, 0.13413649797439575, 0.09476011833160854, 0.04798995047110723, -0.8495967777110329, 1763139406915995721, 
0.051043298095464706, -0.032430414110422134, -0.8349036666607187, 0.008531499342770204, 0.22910703718662262, 0.09462674860552177, 0.04207230310044657, -0.8235938137829066, 1763139407116435093, 
0.05251147225499153, -0.034336239099502563, -0.8187139680374459, 0.023963060445841837, 0.1262458860874176, 0.09802186349597283, 0.043200889640719844, -0.7999300180732867, 1763139407215956706, 
0.05546634644269943, -0.037618812173604965, -0.7830072761326354, 0.024607030669010082, 0.1806461662054062, 0.10224734842064022, 0.040849320735026284, -0.7749891851888422, 1763139407425255688, 
0.056642837822437286, -0.03881600499153137, -0.7670774586485621, 0.017418007737942078, 0.18692012131214142, 0.10653310985854805, 0.03756916116971386, -0.7520942368760947, 1763139407516133766, 
0.05795217677950859, -0.04037319868803024, -0.7501645650158767, 0.018723991150546283, 0.172250896692276, 0.10824107534140873, 0.03771724854812956, -0.7315755841645297, 1763139407616002459, 
0.05935288220643997, -0.04169841110706329, -0.7335391720282083, 0.021146613750093822, 0.1739615648984909, 0.1126209599145947, 0.03759779551556778, -0.7102559179822354, 1763139407715990467, 
0.06198838725686073, -0.04429803416132927, -0.7012158896267681, 0.018353330723656247, 0.1583784967660904, 0.11176685881204444, 0.04069148636990176, -0.6938036568095528, 1763139407921064631, 
0.06305063515901566, -0.04525744542479515, -0.6881694280916282, 0.016035853454232824, 0.13855932652950287, 0.11493211946699193, 0.0377240199890312, -0.6728901180445418, 1763139408012002346, 
0.06428661942481995, -0.04636387899518013, -0.6739928340927296, 0.019202748149278675, 0.15849915146827698, 0.11594061146068467, 0.032940018716448485, -0.6569867373724734, 1763139408111959328, 
0.07028141617774963, -0.050917040556669235, -0.6566644069795132, 0.03377275183274054, 0.05415559560060501, 0.11632865640677424, 0.029273447981862044, -0.6468874514758947, 1763139408321581915, 
0.07246895134449005, -0.05228399857878685, -0.6531182063787458, 0.028894216883923487, 0.02501041069626808, 0.12065471864322937, 0.02603515728979101, -0.6395510119697008, 1763139408412009102, 
0.07719259709119797, -0.05595840886235237, -0.6513145414595525, 0.02477796407857839, -0.0336742028594017, 0.12476871028334846, 0.02371536125962115, -0.6455418173249964, 1763139408621336255, 
0.07957813888788223, -0.05802321434020996, -0.6540758792102949, 0.031129415613526126, -0.028829993680119514, 0.1290727223663571, 0.020312856398715634, -0.6445755272158007, 1763139408721143552, 
0.08410142362117767, -0.061480917036533356, -0.6564502095930151, 0.02526909048685895, -0.05473437160253525, 0.13418854592289414, 0.022009438570232152, -0.6474492141057524, 1763139408911012343, 
0.08635243773460388, -0.06323889642953873, -0.6597259259175943, 0.03251656711918012, 2.6211027943645604e-06, 0.1376524714822931, 0.020127951646423187, -0.6538540472149925, 1763139409006555787, 
0.08892633765935898, -0.06537190079689026, -0.6625569979131484, 0.03206819404347299, -0.028749339282512665, 0.13912858017811167, 0.01298847506589646, -0.6562023275007057, 1763139409116088846, 
0.09342069923877716, -0.06945449113845825, -0.6714746725213537, 0.028423931805814914, -0.025890883058309555, 0.14383997889553785, 0.009652533972469811, -0.6593642115642167, 1763139409316994917, 
0.09560297429561615, -0.07114598900079727, -0.6729671714612724, 0.0291247143533994, -0.029574448242783546, 0.14523469037087147, 0.008810402989167486, -0.664914690547374, 1763139409406563797, 
0.09839724004268646, -0.07358035445213318, -0.6778312331921299, 0.036344942733082544, -0.046466268599033356, 0.1491091402634667, 0.003097683069487467, -0.6720157323091913, 1763139409516502079, 
0.10352682322263718, -0.07784006744623184, -0.6899017091326628, 0.027599165084423016, -0.03017895668745041, 0.15634650913702555, 0.003993754782716624, -0.6849029031368475, 1763139409716995894, 
0.10617002099752426, -0.08033506572246552, -0.6921894634497449, 0.0331498763350352, -0.02253689058125019, 0.15789726267786716, 0.00401776477257554, -0.6868265201880503, 1763139409826649330, 
0.10799384862184525, -0.08186671882867813, -0.6945132577214866, 0.023892468505309836, -0.014970706775784492, 0.159164845860334, -0.00024573860971256116, -0.6854045298243966, 1763139409916236458, 
0.11231831461191177, -0.08550576865673065, -0.6958757560173496, 0.02939890595496762, 0.0, 0.16289250424067644, -0.0021100013490244823, -0.6861228734269149, 1763139410116015772, 
0.11670680344104767, -0.08926673233509064, -0.6958757560173496, 0.02904562440594815, 0.0, 0.16939358614170133, -0.003343984746863119, -0.6879844442967881, 1763139410316454950, 
0.11893650144338608, -0.09129874408245087, -0.6978978729555667, 0.03001789441115979, -0.029596339911222458, 0.1725692881069869, -0.008153585770220805, -0.6915176813043554, 1763139410416030361, 
0.12137165665626526, -0.09335559606552124, -0.7010124016127175, 0.030948359654728277, -0.0341542549431324, 0.17571260971357472, -0.010960407296169828, -0.6937816325069984, 1763139410516989290, 
0.1253548562526703, -0.09665723890066147, -0.6976601883129523, 0.026139469604952274, 0.014788747765123844, 0.18053897387552284, -0.013434098934091946, -0.6892095660805659, 1763139410716020474, 
0.1276659220457077, -0.09869679808616638, -0.698318603113433, 0.030819513482799477, -0.01316062081605196, 0.17964441524678704, -0.01741234457493446, -0.6888158381973942, 1763139410816042200, 
0.12974482774734497, -0.10064496099948883, -0.6993061956206211, 0.029076876486737797, -0.021834788843989372, 0.18251386738726172, -0.01814876440980839, -0.6907257248657818, 1763139410911266652, 
0.13429097831249237, -0.10442837327718735, -0.7010756392245278, 0.025642840135455626, -0.003822834463790059, 0.1885894144207775, -0.0194130424884707, -0.6945189400469766, 1763139411116331617, 
0.13648492097854614, -0.10634933412075043, -0.7003131528260734, 0.029476567731801653, 0.0, 0.1955835245767355, -0.02201283405394065, -0.696019075564421, 1763139411216031805, 
0.13865359127521515, -0.10831694304943085, -0.7020821637880914, 0.03259753228032293, -0.02616424672305584, 0.19851355108514637, -0.020656582328136018, -0.6971964104011688, 1763139411311041346, 
0.1432873010635376, -0.1124441847205162, -0.7070752121204574, 0.03297755126703715, 0.00327406101860106, 0.19892814694002459, -0.026160047412642426, -0.6979912333647413, 1763139411506406603, 
0.14532430469989777, -0.11414116621017456, -0.7078828816598898, 0.02024891569324714, 0.0, 0.20344767319014295, -0.02407008730834146, -0.7007600285278621, 1763139411616047823, 
0.14748744666576385, -0.1161455437541008, -0.7074549762801281, 0.03314145084671799, -0.018648097291588783, 0.2081244374678764, -0.0289535996586265, -0.7085901609971034, 1763139411712033872, 
0.15262846648693085, -0.12102508544921875, -0.7176100089464675, 0.032830973835392435, -0.0607670322060585, 0.2143330666963679, -0.03161960789273994, -0.7244032103478997, 1763139411916271666, 
0.15323618054389954, -0.12139159440994263, -0.7296844125385327, 0.003717390267701692, -0.08564916998147964, 0.2139187902729149, -0.03248847018126834, -0.7336714926444589, 1763139412016382676, 
0.15450717508792877, -0.1225249171257019, -0.7412735366686419, 0.021459005773618357, -0.14221489429473877, 0.2171898238252546, -0.038782506675502114, -0.7452220483088546, 1763139412112022749, 
0.1575135886669159, -0.12536059319972992, -0.7612230755830506, -0.000533017573286704, -0.11241708695888519, 0.21659296042703113, -0.04051928583945239, -0.7580712433096815, 1763139412306294407, 
0.1586703062057495, -0.12644517421722412, -0.7722222758600913, 0.018241922080422728, -0.12053028494119644, 0.21969167240632334, -0.040330629239253755, -0.7779553766869618, 1763139412416029928, 
0.16844236850738525, -0.13633331656455994, -0.8025669496783059, 0.0, 1.1909664863196667e-06, 0.23156328318332853, -0.0556064103122813, -0.7967922528799188, 1763139418914236022, 
0.16844236850738525, -0.13633331656455994, -0.8025668083108831, 0.0, 3.5144234971085098e-06, 0.23372937973075625, -0.052854311125118895, -0.7971928916574476, 1763139419007131992, 
0.16844236850738525, -0.13633331656455994, -0.8025667123840343, 0.0, 0.0, 0.23081302626364247, -0.053656272489330456, -0.7970967551317615, 1763139419117268394, 
0.16844236850738525, -0.13633331656455994, -0.8025667430147724, 0.0, 0.0, 0.2272022522017079, -0.0544606960459608, -0.7981964794917707, 1763139419218298371, 
0.16844236850738525, -0.13633331656455994, -0.802567117492246, 0.0, -1.1899245464519481e-06, 0.2335883646401774, -0.05285946303067647, -0.7967535344491822, 1763139419407410983, 
0.16845515370368958, -0.136346697807312, -0.8024671946994137, 0.0004668768677535014, 0.0026661413721740246, 0.22978672024381647, -0.05682731290565593, -0.7953318463105971, 1763139419517406118, 
0.16948917508125305, -0.13794288039207458, -0.7886631499573383, 0.01958193750393586, 0.10740721225738525, 0.23107451353657577, -0.061644135898526464, -0.7761442952042602, 1763139419618412265, 
0.17171837389469147, -0.14042486250400543, -0.7650817273766608, 0.018762492546005396, 0.13162820041179657, 0.23122709818162285, -0.058423358406289067, -0.7596917966993213, 1763139419808091712, 
0.17383059859275818, -0.1427343189716339, -0.7381771085603723, 0.015804005990822094, 0.14281901717185974, 0.23603074434474863, -0.06182364716685772, -0.7434242503004108, 1763139420019545343, 
0.17495937645435333, -0.14386451244354248, -0.7248343019709913, 0.016510044133131924, 0.14751698076725006, 0.2386238907152943, -0.06240913133327464, -0.7261516796960289, 1763139420115116942, 
0.17614619433879852, -0.1449420154094696, -0.7117532019626925, 0.017196617478723246, 0.1433127522468567, 0.2372359034122418, -0.06285335980783678, -0.7038339067357792, 1763139420208268337, 
0.1775212585926056, -0.14627143740653992, -0.6955843195748741, 0.017251572065961025, 0.1496959626674652, 0.23849258924630212, -0.06792845958653008, -0.6789595787150805, 1763139420317461400, 
0.18036822974681854, -0.14873604476451874, -0.6638496413023904, 0.02001653788255467, 0.1679161936044693, 0.2402000211465902, -0.06734499553890247, -0.6576763753979753, 1763139420516158055, 
0.18159689009189606, -0.1498647779226303, -0.6498463431794733, 0.01652405078471121, 0.14665557444095612, 0.24644314997574437, -0.06904718739720919, -0.6397630456596177, 1763139420607164787, 
0.18416300415992737, -0.15193194150924683, -0.5887781982524984, 0.013819765077927187, 0.40501654148101807, 0.24711755933336224, -0.06925151552006084, -0.5974718225514706, 1763139420816113685, 
0.1851077675819397, -0.1530422866344452, -0.5534178360828955, 0.016764806786882754, 0.337476521730423, 0.2502647559308404, -0.07057103426642913, -0.5547300026812281, 1763139420916104179, 
0.18604129552841187, -0.15375389158725739, -0.5423886664899992, 0.00976450331526994, 0.07978790253400803, 0.25331212817201554, -0.07088403494903345, -0.5388001635223505, 1763139421007495811, 
0.18829499185085297, -0.15515366196632385, -0.5158453210593791, 0.01458959967274644, 0.13191212713718414, 0.25490838819437595, -0.07177907341990997, -0.519631883625019, 1763139421216160773, 
0.1895967721939087, -0.15600401163101196, -0.5020914174714993, 0.014960620424128757, 0.1253543347120285, 0.2560057342058151, -0.07120204762190689, -0.5048372382642773, 1763139421316167987, 
0.19082115590572357, -0.15669266879558563, -0.48957543367479955, 0.01583659219101293, 0.13565492630004883, 0.2585692198271985, -0.07393968439575478, -0.4844607547409284, 1763139421407217238, 
0.19354046881198883, -0.1582169085741043, -0.4622528439681217, 0.01618837702613758, 0.13872770965099335, 0.25875555968226166, -0.07674612184010887, -0.4601156374793877, 1763139421616146263, 
0.1953016221523285, -0.15914733707904816, -0.4476501241399764, 0.02342564353479659, 0.1452741026878357, 0.26455234584750426, -0.07239561132380806, -0.4465013440900797, 1763139421716121683, 
0.20731620490550995, -0.16534727811813354, -0.48104715819794003, 2.6983934352793095e-07, 6.41473661744385e-06, 0.27481723653683304, -0.08350992195924441, -0.4789591127460788, 1763139425408409314, 
0.20731620490550995, -0.16534727811813354, -0.48104715819794003, 0.0, 0.0, 0.2767786996211157, -0.08387802355275525, -0.47727115348731136, 1763139425517172781, 
0.20731620490550995, -0.16534727811813354, -0.48104715819794003, 0.0, 0.0, 0.27673542880107116, -0.08183031457374618, -0.4771012040889493, 1763139425617248346, 
0.20731620490550995, -0.16534727811813354, -0.48104715819794003, 0.0, 0.0, 0.276168972003029, -0.08250393333356734, -0.47548055245620735, 1763139425717169138, 
0.20731620490550995, -0.16534727811813354, -0.48104715819794003, 0.0, 0.0, 0.27423515022065464, -0.08462159085336554, -0.47895286169341905, 1763139425917486806, 
0.2073204666376114, -0.16536065936088562, -0.48104715819794003, 0.000199374668817849, 0.0, 0.27683225219179725, -0.08229430259810944, -0.4803272627045, 1763139426017213337, 
0.21146301925182343, -0.16743074357509613, -0.4708553911192257, 0.05614252715753414, 0.13531135022640228, 0.275214663948289, -0.08615717574366283, -0.47040678409995984, 1763139426117186153, 
0.21536321938037872, -0.1695094257593155, -0.46254572041365277, 0.04692259472898366, 0.10220270603895187, 0.28478113614395834, -0.09169918092254437, -0.4513636033441173, 1763139426207273420, 
0.22369863092899323, -0.1735038161277771, -0.42402191460185445, 0.0423575755301912, 0.18221163749694824, 0.28891740177834413, -0.09214790073334628, -0.425659021325116, 1763139426417252975, 
0.2279675453901291, -0.17555367946624756, -0.4067526278520898, 0.04729479150303151, 0.17087826132774353, 0.2986962108410168, -0.0964035365177524, -0.40431286161785535, 1763139426517226601, 
0.2318728119134903, -0.1771419793367386, -0.3943377449974624, 0.04703169168118817, 0.12986761331558228, 0.3028146482805998, -0.09978444596090899, -0.37997518296258803, 1763139426607570626, 
0.24099518358707428, -0.1810348778963089, -0.3593203596938168, 0.03700974301527193, 0.18763823807239532, 0.31041059588875736, -0.10120809346230146, -0.3533185301338482, 1763139426817221725, 
0.2427169382572174, -0.18167918920516968, -0.3362167286038522, 0.023610977295586855, 0.2028655707836151, 0.311454700550601, -0.10207165048783681, -0.32528501989901604, 1763139426917175692, 
0.25187188386917114, -0.18476484715938568, -0.2989512081550166, 0.033169374235173604, 0.1518629491329193, 0.3189664850240543, -0.10636109809079548, -0.2945386657306845, 1763139427117180037, 
0.2560766935348511, -0.1862393021583557, -0.2626855149920126, 0.022951820735531037, 0.2113787829875946, 0.3227971698667192, -0.1064169099500292, -0.2732713537416667, 1763139427317185154, 
0.2581048309803009, -0.18688498437404633, -0.24433562055130956, 0.023012610324934225, 0.20781314373016357, 0.3257574220960415, -0.10395449299594886, -0.24925512570150654, 1763139427407579697, 
0.26092222332954407, -0.18768759071826935, -0.2212852436590073, 0.03249854707923442, 0.2246015965938568, 0.3305912490757564, -0.10138858739859628, -0.22271321296530247, 1763139427517744779, 
0.2696118950843811, -0.18934683501720428, -0.18827522938978541, 0.0383443393314207, 0.1457848697900772, 0.3381719107369702, -0.1083385604378962, -0.20148745699136705, 1763139427717217264, 
0.27315667271614075, -0.18997500836849213, -0.17909128470242883, 0.03963546876361327, 0.08331011980772018, 0.3390468195777183, -0.10456785558020079, -0.1780462333239556, 1763139427807068155, 
0.2775430679321289, -0.19077478349208832, -0.16720036131274651, 0.039602787488596095, 0.08430861681699753, 0.3469557457201853, -0.10607529604497795, -0.16704313150140165, 1763139427917397385, 
0.280612587928772, -0.19116397202014923, -0.16345522765974968, 0.029234170415893764, 0.02079731784760952, 0.35316002018772896, -0.10880098650304172, -0.1603117468183306, 1763139428017212765, 
0.28349754214286804, -0.19158387184143066, -0.15899774920027604, 0.028781904190181853, 0.02768157608807087, 0.35675450671342646, -0.10797423067478823, -0.15812314294543095, 1763139428117231080, 
0.2893552780151367, -0.19269517064094543, -0.16198099697694235, 0.03549777842669922, -0.04052618518471718, 0.3604024811760653, -0.10912632898259253, -0.16148591779118956, 1763139428307683680, 
0.29307466745376587, -0.1933719962835312, -0.17079316179806675, 0.031086057266145082, -0.08371952921152115, 0.3635603010197877, -0.11070976771221185, -0.1654531951229838, 1763139428417241729, 
0.2966485619544983, -0.19420404732227325, -0.17934295254120142, 0.03940679602012022, -0.09476130455732346, 0.3722142920207119, -0.11200835790996752, -0.1790603361103433, 1763139428517316542, 
0.30386775732040405, -0.19562365114688873, -0.19826769850347015, 0.031615703885707766, -0.0967564806342125, 0.37513096406486224, -0.11176868748142994, -0.19937536348226925, 1763139428717703489, 
0.30480608344078064, -0.19573599100112915, -0.2100605472604138, 0.0064838657758668275, -0.09537532180547714, 0.380047541417895, -0.10591968012349091, -0.2199663683449193, 1763139428817230261, 
0.3063732385635376, -0.19610576331615448, -0.2234339739859518, 0.017634384517013504, -0.1576031744480133, 0.38188543722888313, -0.1080768129592416, -0.23954113219989018, 1763139428917215062, 
0.30963560938835144, -0.19685572385787964, -0.2542226021243197, 0.01614358382542318, -0.14706271886825562, 0.38549393074969895, -0.10912868419874311, -0.2570540717839116, 1763139429118894705, 
0.3108064532279968, -0.19713979959487915, -0.2653798505017516, 0.011764192636951835, -0.1080043613910675, 0.38677292610395564, -0.11344440734667866, -0.27170651864067735, 1763139429217215676, 
0.3133254647254944, -0.19790300726890564, -0.2908599632370474, 0.01724144541593832, -0.1505979746580124, 0.38590727799525665, -0.11515568881515413, -0.28920818134424836, 1763139429407229720, 
0.3149458169937134, -0.19845843315124512, -0.30628269430329036, 0.015717608920724515, -0.1555432826280594, 0.3928955891888916, -0.11404982073764279, -0.30656794594906295, 1763139429507098127, 
0.3217805325984955, -0.2008499652147293, -0.32531272119555804, 0.03590880574910764, -0.07200250029563904, 0.396775791597084, -0.11820619646725761, -0.3192406101492323, 1763139429717249297, 
0.3246324360370636, -0.2017977237701416, -0.3300844298425529, 0.03409384709471432, -0.031365588307380676, 0.40166338113886896, -0.11678825472784449, -0.3267335616481949, 1763139429807680852, 
0.3307343125343323, -0.20439645648002625, -0.3390502702087411, 0.0315697256729474, -0.043814294040203094, 0.40572579206774134, -0.11683523461597237, -0.33171158273187146, 1763139430017259186, 
0.3330678641796112, -0.2049643099308014, -0.3376923923569398, 0.021028454732538174, 0.027744552120566368, 0.41265579841005945, -0.11781533622166904, -0.3370777037679076, 1763139430117208189, 
0.33548471331596375, -0.20563431084156036, -0.3361794125768685, 0.03038446839218951, 2.416378038105904e-06, 0.4138522279634447, -0.11884900022595567, -0.3327295582750128, 1763139430207684398, 
0.34138962626457214, -0.20786742866039276, -0.33369576112826604, 0.029004882252580265, 0.02542121894657612, 0.41701890694925026, -0.1213464335680618, -0.33047420567146096, 1763139430417240669, 
0.34425830841064453, -0.20864337682724, -0.33084376799031745, 0.0286685206103103, 0.00772221339866519, 0.41996064067049277, -0.12292496006419161, -0.3246930660557791, 1763139430517232037, 
0.34684959053993225, -0.20945309102535248, -0.3291867232952148, 0.029619383638337646, 0.0, 0.4244005730105268, -0.12767083467830473, -0.32193815195734976, 1763139430607698573, 
0.35309600830078125, -0.21156415343284607, -0.32664123229415915, 0.032977461479436525, 0.0, 0.428492332539705, -0.129456876894063, -0.3234094762978442, 1763139430817265157, 
0.3556362986564636, -0.21229329705238342, -0.3234183680544299, 0.025449402435818468, 0.03292723000049591, 0.4374102434328204, -0.132545878921596, -0.32129938794029406, 1763139430917276128, 
0.36145690083503723, -0.21426790952682495, -0.3185744544588317, 0.03346437745777904, 0.03832101449370384, 0.442927079415207, -0.13710156355600706, -0.3165800195045309, 1763139431123477820, 
0.3642202913761139, -0.21516479551792145, -0.31492850391454946, 0.033121457497698584, 0.05403727665543556, 0.4455659225025493, -0.1318006485047013, -0.31511838331627773, 1763139431213255178, 
0.3676525056362152, -0.21634817123413086, -0.3088689510701951, 0.03523854231013311, 0.05787080526351929, 0.45077011289672203, -0.1330568195758497, -0.3070813868431289, 1763139431313223540, 
0.37092602252960205, -0.21730934083461761, -0.3031515941555652, 0.034151439620623156, 0.05525948852300644, 0.45564122404072027, -0.13478061136378963, -0.29858266747523093, 1763139431411737001, 
0.3776487708091736, -0.21920517086982727, -0.28984241557051826, 0.03401797586380582, 0.06813100725412369, 0.45798340554909006, -0.13734477691251104, -0.2895231481065783, 1763139431613276499, 
0.38107481598854065, -0.21997690200805664, -0.2837227221867752, 0.03480687523167261, 0.058323394507169724, 0.46514550444454267, -0.13966999371973135, -0.27518639936703, 1763139431713261105, 
0.38408055901527405, -0.22081078588962555, -0.27863093073142764, 0.02991336414011444, 0.042888421565294266, 0.46840105318266695, -0.1412716981080863, -0.2757820115120895, 1763139431811777309, 
0.3894694149494171, -0.22230947017669678, -0.27767135696558287, 0.0282473093708781, -0.0025705548468977213, 0.4720790937332241, -0.13892813842522658, -0.2731151566681966, 1763139432013247785, 
0.39207199215888977, -0.22289709746837616, -0.27774553352819514, 0.02774515878787427, 0.0045334105379879475, 0.4765284903644143, -0.13945356971613057, -0.27512871126181354, 1763139432113730633, 
0.3946107029914856, -0.223777636885643, -0.27761571529182744, 0.02931434625120371, 0.009856701828539371, 0.47981718368222737, -0.1455569253089051, -0.27614251793524336, 1763139432211278326, 
0.4003255069255829, -0.22532717883586884, -0.2771180364649226, 0.030801779238193723, 0.001137810293585062, 0.4843116205662246, -0.14275048981917973, -0.2756500715037281, 1763139432413284341, 
0.40328317880630493, -0.2263326346874237, -0.27917615109529764, 0.03052037157204472, -0.01907908357679844, 0.4904582262192275, -0.14412951873878982, -0.28035191927477376, 1763139432513287405, 
0.4097296893596649, -0.22817395627498627, -0.29058532353164573, 0.03417739609747454, -0.08363774418830872, 0.4941488256206905, -0.14669140788884447, -0.29012720853428964, 1763139432703362760, 
0.4130648374557495, -0.22917336225509644, -0.29558795225794626, 0.027393560722194194, -0.027559000998735428, 0.4996713239358629, -0.14137305017179166, -0.2940828848431922, 1763139432813288148, 
0.41542139649391174, -0.23011696338653564, -0.29540079937325814, 0.027028844695650495, 0.010653969831764698, 0.5021833985979463, -0.14537085010493567, -0.29194133913818393, 1763139432913242196, 
0.42105939984321594, -0.23180006444454193, -0.30018270567284083, 0.03649368531397542, -0.08379141986370087, 0.5056055693362708, -0.14514913151500494, -0.3024304023422562, 1763139433102310024, 
0.424701452255249, -0.23327453434467316, -0.3067327712109255, 0.032606165240042694, -0.06791522353887558, 0.5108099397327907, -0.1466311507085434, -0.30626832050176606, 1763139433212295589, 
0.4360004663467407, -0.23717382550239563, -0.35988947675441724, -5.6664316976136966e-05, -0.0006540401955135167, 0.522832334176208, -0.1530120472105453, -0.355086637728421, 1763139434512266736, 
0.4360007047653198, -0.23717454075813293, -0.3598838104389426, 0.0, 0.0, 0.5210672741284541, -0.1469095862815843, -0.3531677489144023, 1763139434607283884, 
0.4360065460205078, -0.23718731105327606, -0.3598838104389426, 0.00019951290507596548, 0.0, 0.5234177506854673, -0.14948420694583003, -0.3504240472722823, 1763139434817309192, 
0.4360065460205078, -0.23718731105327606, -0.3598838104389426, 0.0, 0.0, 0.5254150190860621, -0.15110814057978614, -0.3568016757498789, 1763139434918285873, 
0.4360065460205078, -0.23718731105327606, -0.3598838104389426, 0.0, 0.0, 0.525038948474238, -0.15321661029012723, -0.35699490683152263, 1763139435007311195, 
0.4417576193809509, -0.2397427260875702, -0.3973963940669218, 0.08379394310344825, -0.41578033566474915, 0.5295190891739736, -0.15513844477968525, -0.39839663295794486, 1763139435217305472, 
0.452966570854187, -0.2447449117898941, -0.44757155550431754, 0.1322054758532277, -0.5330438613891602, 0.540843532170386, -0.16266977891307963, -0.4564647368572272, 1763139435318311124, 
0.47381097078323364, -0.25660499930381775, -0.5442561095906715, 0.11556454800951448, -0.47694095969200134, 0.5535005024987434, -0.17291752148303458, -0.5145435258963776, 1763139435507479358, 
0.4850596785545349, -0.26419132947921753, -0.5989514676859813, 0.12626127327445152, -0.5248960256576538, 0.5685126071398051, -0.18145321231548273, -0.5866663329099957, 1763139435617323328, 
0.49465638399124146, -0.27150842547416687, -0.6490071430981911, 0.11606766218430523, -0.4811103343963623, 0.5862015115573449, -0.19264458536721457, -0.6519922382151696, 1763139435718297890, 
0.5120846629142761, -0.2872048616409302, -0.7435800131973395, 0.12610757699813235, -0.47659531235694885, 0.5998458659575933, -0.20036175056010477, -0.7216184408994469, 1763139435907397804, 
0.5217405557632446, -0.29699012637138367, -0.7994764481479057, 0.12136079412731521, -0.5171362161636353, 0.6129015248758592, -0.21584671315278461, -0.7897819673486255, 1763139436017308393, 
0.5294066071510315, -0.3059479594230652, -0.8472918922047804, 0.1245521344885433, -0.49437400698661804, 0.63020221261349, -0.22796379982151965, -0.866022661945386, 1763139436113300438, 
0.5439368486404419, -0.3250816762447357, -0.9461489799540189, 0.12346186206394928, -0.5081847310066223, 0.6443118006072293, -0.2443642893645029, -0.9374191686614579, 1763139436307622081, 
0.5574625134468079, -0.34637361764907837, -1.0483648826293446, 0.1212336748873204, -0.4848940968513489, 0.6574130278916472, -0.2553483773340884, -1.0065311331752327, 1763139436512328696, 
0.5624235272407532, -0.35654792189598083, -1.0956961580363187, 0.12217446466839263, -0.5184994339942932, 0.6617531175024717, -0.2680693745185408, -1.0656501256642812, 1763139436607307074, 
0.5672482848167419, -0.3674750030040741, -1.144111766946372, 0.12413572718619366, -0.4829001724720001, 0.6715494577798967, -0.2879798851453416, -1.1413705589952994, 1763139436707251952, 
0.5721497535705566, -0.37978023290634155, -1.199097861643374, 0.12095562389415598, -0.47459733486175537, 0.679227488476385, -0.30477136798634985, -1.2084039648240592, 1763139436817331921, 
0.5758311152458191, -0.3905128836631775, -1.2413819166294915, 0.11277251389048863, -0.4402303099632263, 0.6870420829496853, -0.3195547554884259, -1.2555933868103692, 1763139436913307433, 
0.5815776586532593, -0.4120349586009979, -1.3142869230993213, 0.10969153807240208, -0.3137408196926117, 0.6930928042764039, -0.33803046788086377, -1.3060929289048453, 1763139437107691453, 
0.5842271447181702, -0.42424845695495605, -1.344655504306171, 0.11620207412741375, -0.2810518741607666, 0.6987564378184553, -0.3548772551959983, -1.3434286438000065, 1763139437217310045, 
0.5860851407051086, -0.4348487854003906, -1.3656692139311073, 0.1085769468410144, -0.20150582492351532, 0.7023806630423678, -0.37068379921542116, -1.368993635880962, 1763139437313314215, 
0.589593768119812, -0.4564473032951355, -1.393514568971358, 0.10834303176900036, -0.11247378587722778, 0.7038687312605815, -0.38797800834825086, -1.3831205297554199, 1763139437517697369, 
0.5911403894424438, -0.4672258198261261, -1.3996324833020615, 0.10943728935706452, -0.025715230032801628, 0.7115141261833205, -0.40058381910510366, -1.3911416203227736, 1763139437617313297, 
0.5929090976715088, -0.4774971604347229, -1.4004796989479804, 0.11231234335045656, 0.0060248295776546, 0.7147409500033542, -0.4154263378092474, -1.3864925911982937, 1763139437713440796, 
0.5966276526451111, -0.4979862868785858, -1.3952648531554224, 0.10326582626577518, 0.04391609877347946, 0.7206720175659415, -0.43156196099208427, -1.3812268680101116, 1763139437908649266, 
0.5986728072166443, -0.5094003677368164, -1.3876678594279874, 0.10549411821126442, 0.06337890774011612, 0.7222835143241387, -0.4460186820073566, -1.3766939191146081, 1763139438017350040, 
0.6007124781608582, -0.5189940333366394, -1.3811386821184322, 0.10324819006396702, 0.06339911371469498, 0.7272478017857492, -0.46265095491201635, -1.367222502673062, 1763139438114320950, 
0.6048478484153748, -0.5377141237258911, -1.3657305766690218, 0.09333451231874706, 0.1265486776828766, 0.7287486224757304, -0.4743303292731565, -1.3561759579220218, 1763139438308758482, 
0.6074923872947693, -0.5484594106674194, -1.3568352036957954, 0.09959347746162646, 0.07435097545385361, 0.7296540228960506, -0.48890305200272344, -1.3459582025506986, 1763139438417324347, 
0.6096920967102051, -0.5575329065322876, -1.350008207797847, 0.09863444607592191, 0.07967931777238846, 0.7326506070191856, -0.5035588991447764, -1.337800556304152, 1763139438514323094, 
0.6142024993896484, -0.5758445262908936, -1.337524375219693, 0.09385120285408821, 0.053509991616010666, 0.7375228232007758, -0.5198059912048759, -1.3288996450261852, 1763139438708627578, 
0.6168498396873474, -0.5862632989883423, -1.3324982279474085, 0.10064574039595484, 0.06328539550304413, 0.7422138194793565, -0.5359239371766218, -1.3211655966024018, 1763139438817329990, 
0.6215773224830627, -0.6041290760040283, -1.3242867082332253, 0.09350325415226318, 0.046219602227211, 0.7474336009889998, -0.545776098268272, -1.3187362004304983, 1763139439008332846, 
0.623775839805603, -0.6135182976722717, -1.3205997153756088, 0.09223055039862633, 0.019942719489336014, 0.7498544651261084, -0.5573944929362951, -1.3155992456686691, 1763139439108580107, 
0.6263601183891296, -0.623208224773407, -1.3185241159369332, 0.08948576061316273, 0.012532285414636135, 0.7551202301394955, -0.573035672061419, -1.3088975401462657, 1763139439217405724, 
0.630656898021698, -0.6400583982467651, -1.3125040494671856, 0.08952368647323533, 0.03932490199804306, 0.7592871812652713, -0.5846192112082313, -1.305494567534722, 1763139439407496198, 
0.635693371295929, -0.6580919623374939, -1.3090834428366531, 0.08975309803514306, 0.01845523528754711, 0.7610920359474316, -0.6006511239093653, -1.3024210452709306, 1763139439617336714, 
0.638185977935791, -0.6662731766700745, -1.3076998236952926, 0.08772702733484788, 0.015983203426003456, 0.7642752114981576, -0.6143674509560505, -1.3014711545985274, 1763139439714340799, 
0.640164852142334, -0.6741058826446533, -1.3069519405578123, 0.08741722941805029, 0.007140859961509705, 0.7690014349673895, -0.6283510002194101, -1.3016196568222376, 1763139439807357956, 
0.6444591283798218, -0.6918701529502869, -1.3070991460348544, 0.09115502601214592, 5.984345534670865e-06, 0.77469565662914, -0.6381670725579653, -1.3014942922208252, 1763139440017407237, 
0.6467399597167969, -0.6999399662017822, -1.306461791162799, 0.09046653144934354, 0.027515806257724762, 0.7766408992317084, -0.6468646333216057, -1.301684991354542, 1763139440114481121, 
0.6514063477516174, -0.7153981924057007, -1.3059126600730604, 0.07639725833269712, 0.0, 0.7802323846814271, -0.6641425872163282, -1.301085145063302, 1763139440309711787, 
0.6537900567054749, -0.7243109941482544, -1.3055494991866352, 0.08278991788066274, 0.0, 0.785358485505668, -0.674890509760216, -1.2986408050386289, 1763139440417613398, 
0.6557051539421082, -0.7322401404380798, -1.3057702407146274, 0.08666412601638279, 0.0002457856899127364, 0.7857918731488093, -0.6880982141410258, -1.2986417185895065, 1763139440515481853, 
0.6575912833213806, -0.7394327521324158, -1.306713492025074, 0.07952573722100537, -0.002266692230477929, 0.7881726711765834, -0.6952050076119958, -1.2962858105914987, 1763139440607353686, 
0.6622014045715332, -0.7549976706504822, -1.305491641439252, 0.07686442223407039, -0.0013975003967061639, 0.7941805664282134, -0.7074848229092698, -1.2975744586673896, 1763139440817614982, 
0.6641006469726562, -0.7625614404678345, -1.3058155071904218, 0.0771317724940679, -0.007327146362513304, 0.7972042868073147, -0.7202579865535366, -1.2981457754987653, 1763139440915695451, 
0.6656906604766846, -0.7695943713188171, -1.305197572547096, 0.07815906006171604, 0.012861247174441814, 0.7992219310488404, -0.730052049781137, -1.297146532536457, 1763139441007354683, 
0.6702638268470764, -0.7849162817001343, -1.3056547824297222, 0.07855163806360474, -0.006832447834312916, 0.805856107587865, -0.7412814825165323, -1.2980844252947161, 1763139441216994028, 
0.6720590591430664, -0.7920901775360107, -1.305936661087984, 0.07698134324213364, -0.006739763543009758, 0.8058475415228098, -0.7486196880330963, -1.2989207905958022, 1763139441315394457, 
0.6737381219863892, -0.7989784479141235, -1.3060844930372217, 0.07710840677866232, 0.0025808189529925585, 0.8098172726821524, -0.7608340282787792, -1.2973236536182768, 1763139441408363428, 
0.6779959201812744, -0.81390380859375, -1.3066578052068671, 0.07660305286678036, -0.005751424934715033, 0.8114278666149631, -0.7746306139281405, -1.300157397692046, 1763139441617476322, 
0.6796455979347229, -0.8208348751068115, -1.3068744759924424, 0.0728321462013445, 0.00460484204813838, 0.8164639158027505, -0.7865625136884519, -1.3040166438059082, 1763139441715513065, 
0.6835440993309021, -0.8342298269271851, -1.3085094063882838, 0.07382905183179307, -0.01743253506720066, 0.8214337529615932, -0.798933719241987, -1.3004018722020634, 1763139441905274892, 
0.6853671669960022, -0.8418944478034973, -1.3073525332651525, 0.06777768988815712, 0.014154923148453236, 0.8224205863324754, -0.799201948175655, -1.2968079359925886, 1763139442018729408, 
0.6870322227478027, -0.8485918641090393, -1.3073701402609024, 0.06944100705296537, 0.004283595364540815, 0.8232399291969874, -0.8132373529651115, -1.302463749609848, 1763139442116857633, 
0.690494954586029, -0.8613606691360474, -1.3078967841988847, 0.06962947854197912, 0.003015154507011175, 0.8298100545095513, -0.8241783734465333, -1.298951674683544, 1763139442306447351, 
0.6924742460250854, -0.8687180876731873, -1.3077453182674237, 0.06738703722173972, 0.005853904876857996, 0.83189937313003, -0.8296050713167309, -1.29886838834772, 1763139442418776441, 
0.6944015026092529, -0.8750019073486328, -1.3073226144076044, 0.06436709518498884, 0.003753461642190814, 0.8363981707395233, -0.8408534722648183, -1.2973565963973586, 1763139442516773972, 
0.6974451541900635, -0.8870112895965576, -1.30830691595844, 0.06511374582818025, -0.001536208321340382, 0.8399689642345921, -0.8525824190475847, -1.2990245469114887, 1763139442706889192, 
0.6993537545204163, -0.8941593170166016, -1.3087588590622594, 0.06628725696507172, -0.006875233259052038, 0.8453119379355831, -0.8633406921533967, -1.29777664119117, 1763139442818394081, 
0.7007418870925903, -0.900493860244751, -1.3079241018033136, 0.06620816425286635, 0.0006591992569155991, 0.8434517392120142, -0.8700090671344863, -1.2988217564363518, 1763139442916834786, 
0.7039321660995483, -0.9123244881629944, -1.3089604308392164, 0.06227540571068505, -0.018536727875471115, 0.84876737973885, -0.8820314413510217, -1.298960758596505, 1763139443106847084, 
0.7055894732475281, -0.9191560745239258, -1.308651330991719, 0.061976017791540064, 0.004805205389857292, 0.8512536523417016, -0.890792053838315, -1.2964960700656976, 1763139443218517849, 
0.7073197364807129, -0.9250336289405823, -1.3095836784889736, 0.06188913412931803, -0.0011570531642064452, 0.8528654554387884, -0.8972132399300181, -1.299578295254025, 1763139443316523682, 
0.7106074690818787, -0.9371773600578308, -1.3107340480491605, 0.0576664942674396, -0.006566725205630064, 0.854737170896024, -0.904561297402911, -1.305573913389416, 1763139443518628550, 
0.7120429873466492, -0.9429628252983093, -1.310249763939898, 0.0599536792066348, 0.0073271808214485645, 0.8593887735615003, -0.9133634499048668, -1.3063014699609223, 1763139443618398834, 
0.7149202823638916, -0.9539442658424377, -1.3111448500392964, 0.059347198025642305, -0.006374669261276722, 0.861909582078224, -0.9237205583092379, -1.3028392669147426, 1763139443808438609, 
0.7164525985717773, -0.9602600932121277, -1.3120311656246635, 0.05752164117892438, -0.014457408338785172, 0.8633998127687135, -0.9329639799372935, -1.2997285458448073, 1763139443918786655, 
0.7182080745697021, -0.9656846523284912, -1.3120883515008968, 0.05917338813934106, 0.004342683590948582, 0.8639630604747376, -0.9403715344379888, -1.3029976908212018, 1763139444018375360, 
0.7212302684783936, -0.9759638905525208, -1.3115369420357041, 0.05241133559416189, 0.006182837765663862, 0.8677462002729457, -0.9477433332544699, -1.3025739053409198, 1763139444209498840, 
0.7240684032440186, -0.9874817132949829, -1.3113786893984454, 0.05320882439557245, -0.0012625150848180056, 0.8719047569370686, -0.9562797321368954, -1.302363321344451, 1763139444420420607, 
0.7251890897750854, -0.9926581978797913, -1.31267820609515, 0.05455336278150718, -0.013690403662621975, 0.8685968273881025, -0.9653427833567407, -1.3029377792138273, 1763139444516420176, 
0.7266085147857666, -0.9976289868354797, -1.3131904559455598, 0.05505304550328094, -0.003816660726442933, 0.874317956320048, -0.9718329545594211, -1.304259344408971, 1763139444609407852, 
0.7293127775192261, -1.008628249168396, -1.311979671370767, 0.052324607601112585, 0.010370932519435883, 0.8773807982462726, -0.9816761776352342, -1.3014854036976853, 1763139444820421967, 
0.730561375617981, -1.0136089324951172, -1.3133602665302189, 0.052220531050927124, -0.013307399116456509, 0.883551948561436, -0.9898181595754156, -1.300494782268525, 1763139444917474128, 
0.7318925261497498, -1.0184178352355957, -1.3137643685059175, 0.05217388187569428, -0.0067956168204545975, 0.8808263296727982, -0.9996909195089776, -1.3062413196398783, 1763139445009446834, 
0.7347347140312195, -1.029374599456787, -1.315500515239177, 0.05082330355365448, 0.0008647306822240353, 0.8841026229919642, -1.004773610894137, -1.305833442484655, 1763139445220434016, 
0.7359063029289246, -1.0342458486557007, -1.3159098843399837, 0.05102176581090033, 2.026037145697046e-05, 0.8841296929444993, -1.0111409566928422, -1.3090871738598318, 1763139445317429355, 
0.7370572686195374, -1.0387204885482788, -1.3157595950373089, 0.05087730657475977, 0.0059829349629580975, 0.8884738537083907, -1.0151480822997716, -1.3062763260984263, 1763139445408486924, 
0.7384106516838074, -1.0441111326217651, -1.3159109008013283, 0.051462198902323716, 0.004884099122136831, 0.8911586685869777, -1.0241736747364454, -1.3045907267227723, 1763139445518603576, 
0.740904688835144, -1.0535660982131958, -1.3173192296685063, 0.04840534044269777, -0.005109712481498718, 0.8950875819458308, -1.0337204667826707, -1.3048658718259465, 1763139445718431900, 
0.742083728313446, -1.057846188545227, -1.317308685408807, 0.04938752298626704, 0.004835931584239006, 0.8944477747967625, -1.039333433178506, -1.3070702334403388, 1763139445809569206, 
0.7447283864021301, -1.0674690008163452, -1.3182264318454744, 0.04664498191582284, -0.018071578815579414, 0.8980393842724064, -1.04639371295834, -1.3060354551661728, 1763139446018440742, 
0.7457098364830017, -1.0722782611846924, -1.3182772917462418, 0.04883606235313281, 0.002256004838272929, 0.8977635729323814, -1.053407032534395, -1.3082373174920878, 1763139446118438675, 
0.747891366481781, -1.0812071561813354, -1.31936576437096, 0.04854930306681043, -0.011873506009578705, 0.9031911902516448, -1.0586812124899778, -1.309180402017006, 1763139446318560296, 
0.7491512298583984, -1.08534836769104, -1.3199895462861901, 0.043375911767438234, -0.002792339539155364, 0.9019307309052809, -1.0650136505128118, -1.3087723133645495, 1763139446418424100, 
0.7500575184822083, -1.0897886753082275, -1.3208245648228998, 0.04367691445365868, -0.007660816889256239, 0.9008990595985638, -1.0693347561457989, -1.3116449632610754, 1763139446518414231, 
0.7522003054618835, -1.0981881618499756, -1.3217457460416608, 0.0471217786192124, -0.002859888831153512, 0.9080679180004005, -1.0784423282864632, -1.3108143634326896, 1763139446708813484, 
0.753213107585907, -1.1028326749801636, -1.321585374239549, 0.04196999170245571, 0.0012495287228375673, 0.9103796494533692, -1.0887083243942544, -1.311049957815944, 1763139446818448380, 
0.7544445991516113, -1.1070613861083984, -1.3218881925894317, 0.04450012872619607, -0.013308939523994923, 0.9035255859082836, -1.0903917919671287, -1.3134859745890648, 1763139446918448449, 
0.7564176917076111, -1.1154831647872925, -1.3228215454365868, 0.04150745323513451, 0.0043361596763134, 0.9121552962233639, -1.0989948416976578, -1.3130878537970068, 1763139447118802375, 
0.757434070110321, -1.1198506355285645, -1.3233425334223108, 0.04621206608382553, -0.007307443302124739, 0.9097901859522789, -1.1022152444572206, -1.3145326847751422, 1763139447218626400, 
0.758474588394165, -1.1239120960235596, -1.32319879425064, 0.042326479811154394, 0.007048993371427059, 0.9127330911943192, -1.1072744022332819, -1.3149351442647617, 1763139447318416053, 
0.7605147957801819, -1.1323845386505127, -1.3262463753607414, 0.043843599256692074, -0.021798383444547653, 0.9190151732106959, -1.1145854139312013, -1.315847390206666, 1763139447518673045, 
0.7616041302680969, -1.1363261938095093, -1.3235010389323365, 0.04195864883619964, 0.033519867807626724, 0.9204779240014601, -1.119794150510996, -1.3114948186781503, 1763139447618457073, 
0.7626025080680847, -1.140346646308899, -1.3232487923421739, 0.04065277395346771, 0.0018231726717203856, 0.9192425111876119, -1.1250004738359938, -1.3118205647992476, 1763139447718456401, 
0.7646529674530029, -1.147749662399292, -1.32272770915093, 0.041457665265431834, -0.006733872927725315, 0.9210134910818353, -1.132255151627405, -1.314949293443288, 1763139447908579452, 
0.7666493654251099, -1.1558921337127686, -1.3229292068760659, 0.04097199653527102, 0.0028952141292393208, 0.9229796014385714, -1.1368017171113363, -1.3106575713714805, 1763139448118453518, 
0.7674777507781982, -1.159356951713562, -1.3231934721584637, 0.038364386264598586, -0.0034173072781413794, 0.924650707034577, -1.1410364455098112, -1.3108646413456173, 1763139448209538220, 
0.7683219313621521, -1.1630887985229492, -1.3245586704417944, 0.037101371626299874, -0.0006135776056908071, 0.9274870112609799, -1.1490160991918061, -1.311647991863006, 1763139448308704496, 
0.7693663835525513, -1.1673418283462524, -1.3250163921457445, 0.04116265637268373, -0.005671652499586344, 0.9322584677018115, -1.154470196521808, -1.3153589907105219, 1763139448418468979, 
0.7710265517234802, -1.1741138696670532, -1.3245340324470427, 0.03542190037167978, 0.008698683232069016, 0.9292353819437363, -1.1585216085523535, -1.3119639538960244, 1763139448609436608, 
0.7727811336517334, -1.1814936399459839, -1.3246697411540524, 0.03508317964991173, -0.014516235329210758, 0.9288231085134853, -1.1620665655456144, -1.3142429813375036, 1763139448818453034, 
0.7735527157783508, -1.1849992275238037, -1.325442321901561, 0.03618943176265811, -0.002126122824847698, 0.931891170648522, -1.1698838234229798, -1.3140986617617145, 1763139448918435651, 
0.7743918895721436, -1.1880426406860352, -1.3254566316761136, 0.03388742555938969, 0.005753921344876289, 0.93418966999362, -1.171954810030382, -1.3143336462449844, 1763139449009567961, 
0.7758548259735107, -1.195383071899414, -1.3279032610458967, 0.03788358976042846, 0.0, 0.935341363011613, -1.1812640537690702, -1.315863179804996, 1763139449218476625, 
0.7767139673233032, -1.198976993560791, -1.3290416614219516, 0.036912500036102976, 0.0, 0.9373086990559464, -1.184573335779935, -1.3181389943626565, 1763139449318478551, 
0.7774878144264221, -1.2020256519317627, -1.3301057297831989, 0.03305396122890172, -0.020881319418549538, 0.9374555314314923, -1.1873731810074404, -1.3216825397888632, 1763139449409445325, 
0.779235303401947, -1.2088044881820679, -1.3301057297831989, 0.03728319315745211, 0.0, 0.9396406845723524, -1.1907493979756534, -1.3206112103469765, 1763139449618476561, 
0.7799266576766968, -1.2122001647949219, -1.3308370491201633, 0.03301289816807377, -0.02068975195288658, 0.9428023471374168, -1.1962230183773601, -1.318390997805021, 1763139449718436715, 
0.7805313467979431, -1.2152159214019775, -1.3314809935649778, 0.03414679628540679, -0.012611573562026024, 0.9450822215893006, -1.203261921251348, -1.3182113149537034, 1763139449809469949, 
0.7819753885269165, -1.2218328714370728, -1.3330028736819932, 0.03348195006944531, -0.015072891488671303, 0.9413046411179412, -1.2058468866604792, -1.3228029262944163, 1763139450018532667, 
0.782703697681427, -1.225028157234192, -1.3330028736813266, 0.033165598694319634, 0.0, 0.9450091381185258, -1.2129629359993686, -1.3235851475348017, 1763139450118481624, 
0.783319354057312, -1.228056788444519, -1.3330028736813266, 0.0340257478744283, 0.0, 0.9481612646093984, -1.2199376040218641, -1.3210779287247447, 1763139450209508701, 
0.784626841545105, -1.2344151735305786, -1.3341262921937527, 0.02949495646005885, -0.014410445466637611, 0.947178721220397, -1.219521820707688, -1.3215231495205546, 1763139450418458391, 
0.785341203212738, -1.2373791933059692, -1.3353896924057738, 0.03238249504418832, 0.0, 0.9489963328846044, -1.2281079249302844, -1.3271433309785456, 1763139450518482383, 
0.786902129650116, -1.2435669898986816, -1.3364658494960053, 0.03151996517505861, 0.0, 0.9503982227693056, -1.2362396002713094, -1.327032449553, 1763139450718152693, 
0.7875651717185974, -1.2465838193893433, -1.3364658494960053, 0.030202598948148744, 0.0, 0.9503415968233626, -1.2372805612296716, -1.3226097150755713, 1763139450818493084, 
0.7882187962532043, -1.2495619058609009, -1.3364658494960053, 0.0317644943644631, 0.0, 0.9515990559917921, -1.2408114057135677, -1.322644247267136, 1763139450918495962, 
0.7896144390106201, -1.2551003694534302, -1.3379422865648323, 0.02711352146626514, -0.01199968159198761, 0.953048329990076, -1.2431033623913421, -1.324913884812368, 1763139451118482459, 
0.7902395725250244, -1.258064866065979, -1.3379422865648323, 0.029378736510055844, 0.0, 0.9545617134454376, -1.2441574335325545, -1.324756059566431, 1763139451218496482, 
0.7909217476844788, -1.2609100341796875, -1.3379820344613724, 0.027751151749387457, -0.0008470483007840812, 0.9551565709108669, -1.2509328586738357, -1.3258076493179716, 1763139451318451992, 
0.7924203872680664, -1.2665077447891235, -1.3377039432959434, 0.03139590627549378, 0.007123134098947048, 0.957439454235174, -1.2555070267718462, -1.3294769580576657, 1763139451517999549, 
0.7930192947387695, -1.2695343494415283, -1.337191595123784, 0.0323402678566212, 0.0, 0.9600068182031991, -1.2627917634980799, -1.3264135931483318, 1763139451618504383, 
0.7936493754386902, -1.2722787857055664, -1.3386289385582972, 0.025616036897858307, 0.0, 0.9633017117658293, -1.2678179084239294, -1.323750324444022, 1763139451718500252, 
0.7948782444000244, -1.2772094011306763, -1.3368113751833592, 0.027505243043376926, 0.012516289949417114, 0.9624772104690478, -1.2749188826297655, -1.3234038617862753, 1763139451908514436, 
0.7954343557357788, -1.280211329460144, -1.3368113751833592, 0.026595953577265765, 0.0, 0.9646377451821309, -1.2781380378250844, -1.3218411689476803, 1763139452018484924, 
0.7962309718132019, -1.2828993797302246, -1.3368113751833592, 0.027429509379079516, 0.0, 0.9634516421133209, -1.277670740035132, -1.3228475974352618, 1763139452118507009, 
0.7973883748054504, -1.2880935668945312, -1.336369308865987, 0.030177927220613406, 0.0, 0.9627535445019143, -1.2818407820261313, -1.3221535160267346, 1763139452308628766, 
0.7979280352592468, -1.291317343711853, -1.3379471724319099, 0.02648782953767001, -0.031562838703393936, 0.9650227232792993, -1.2880456686567863, -1.3269277002252118, 1763139452418512773, 
0.7985419034957886, -1.2941927909851074, -1.3379471724319099, 0.028996277847971375, 0.0, 0.9653896002749005, -1.2906733154270686, -1.328479715783675, 1763139452518499111, 
0.7996727228164673, -1.2996560335159302, -1.3402981256664876, 0.030156448064965553, 0.0, 0.9638039034780453, -1.2944642501421524, -1.331826072736639, 1763139452719683113, 
0.8003686666488647, -1.3025164604187012, -1.3415116840972388, 0.028160797019432963, 0.0, 0.9665334458982858, -1.3020563273703092, -1.3319185270570724, 1763139452818495396, 
0.8015400171279907, -1.3073920011520386, -1.3415116840972388, 0.026985646707418365, 0.0, 0.9702245255542873, -1.3064166814445832, -1.3301606459643025, 1763139453008568641, 
0.8020212054252625, -1.3104205131530762, -1.3417499060607185, 0.025786111741146114, -0.009818616323173046, 0.9716087064866412, -1.3119380844114186, -1.3275328336925343, 1763139453119342769, 
0.8033026456832886, -1.3156059980392456, -1.3408363105902716, 0.027784726119946635, 0.01824715919792652, 0.9723676881883264, -1.3106635074540633, -1.328616653813755, 1763139453318529979, 
0.8038068413734436, -1.3182724714279175, -1.3408363105902716, 0.030770073638088202, 0.0, 0.9725999837233719, -1.3104359460996016, -1.3288274553524086, 1763139453408556613, 
0.8050398826599121, -1.323776364326477, -1.3408363105902716, 0.02600310266815906, 0.0, 0.9752963875405412, -1.3185704634979605, -1.3307632316535436, 1763139453618522812, 
0.8056259155273438, -1.3264437913894653, -1.3408363105902716, 0.029817550560439565, 0.0, 0.9754480197826284, -1.3214119213848983, -1.327912825707416, 1763139453718482455, 
0.8061695694923401, -1.3290190696716309, -1.3408363105902716, 0.02933143148311543, 0.0, 0.973266919822547, -1.3261622277152185, -1.332023334571868, 1763139453808587890, 
0.8073589205741882, -1.3347070217132568, -1.3427960051215777, 0.022684773722839256, 0.0, 0.9759555449311038, -1.3285730186201559, -1.3303894043703028, 1763139454018527334, 
0.8079306483268738, -1.337336778640747, -1.3427960051215777, 0.02913091275319687, 0.0, 0.978765287688552, -1.335666473071324, -1.3304948214407062, 1763139454118652626, 
0.8085097074508667, -1.3399546146392822, -1.3427960051215777, 0.029730915388652867, 0.0, 0.9783530472826917, -1.3449963537237584, -1.333301827005263, 1763139454208592678, 
0.8098266124725342, -1.3456017971038818, -1.3427960051215777, 0.024610563673371447, 0.0, 0.9796109227369985, -1.348164468479218, -1.333796110547586, 1763139454418512244, 
0.8103693723678589, -1.3483643531799316, -1.3431037019781311, 0.029406694306355827, 0.0, 0.9797904806626707, -1.3495903344810691, -1.3323608976545616, 1763139454519531858, 
0.8109430074691772, -1.3509633541107178, -1.3431037019781311, 0.03094223968124909, 0.0, 0.9804020186104115, -1.3539073317978219, -1.3350413689432317, 1763139454608589042, 
0.8122889399528503, -1.3568458557128906, -1.3440599756310718, 0.03112487706593219, -7.183619800343877e-06, 0.9814587705645064, -1.3541562942558303, -1.338868956347803, 1763139454818541175, 
0.8128874897956848, -1.3595612049102783, -1.344059975630398, 0.027413476263937902, 0.0, 0.9834095154920953, -1.3610021100417262, -1.3345030950688808, 1763139454918509666, 
0.8133483529090881, -1.362125277519226, -1.344059975630398, 0.029758616831555937, 0.0, 0.9876589217455581, -1.3629398927777894, -1.335451252642887, 1763139455008600470, 
0.8146721124649048, -1.3672091960906982, -1.345218117231208, 0.026884477237659042, 0.0, 0.9855583073822014, -1.367627290167165, -1.3343053222256847, 1763139455218509889, 
0.8151506185531616, -1.3701533079147339, -1.3444476507533563, 0.030191677508045554, 0.0, 0.9864699278601831, -1.3719451279038894, -1.334272025503773, 1763139455318543298, 
0.8164048790931702, -1.375141978263855, -1.3444476507533563, 0.02617732759032101, 0.0, 0.9897447993979066, -1.3783961213869982, -1.333506248387503, 1763139455508957446, 
0.8171643614768982, -1.3781559467315674, -1.3444476507533563, 0.030951187013272104, 0.0, 0.9926343474527528, -1.3853706699276935, -1.3313971443893173, 1763139455618549212, 
0.817682683467865, -1.3811858892440796, -1.3444476507533563, 0.029785119351606864, 0.0, 0.9925775921144644, -1.3878748145703814, -1.336885459165285, 1763139455718530196, 
0.818274736404419, -1.3835724592208862, -1.346337991002109, 0.02660774224233907, -0.0169807281345129, 0.9937999818042507, -1.3916042357929626, -1.3361410340189774, 1763139455808624232, 
0.8195356130599976, -1.3890694379806519, -1.346337991002109, 0.02744237408388838, 0.0, 0.993865224471875, -1.3910525506202522, -1.3360820894841896, 1763139456018531049, 
0.8201102018356323, -1.3918412923812866, -1.346337991002109, 0.031010626836559408, 0.0, 0.9929135511118878, -1.3980726356025635, -1.3353381210632165, 1763139456118513362, 
0.8210689425468445, -1.3974417448043823, -1.3487328443508446, 0.028490279323143942, -0.022632168605923653, 0.9969992327978994, -1.4020457414960197, -1.336627838086264, 1763139456308716378, 
0.8215211033821106, -1.4007259607315063, -1.349245096607275, 0.02859271696384589, 0.0, 0.9990278056993905, -1.4044038962639527, -1.3369817174717487, 1763139456418558301, 
0.8221244215965271, -1.4034522771835327, -1.35141242896262, 0.029475627002405254, -0.010638396255671978, 1.0000536720015607, -1.4107826791150604, -1.3379000803069512, 1763139456519528861, 
0.8232361078262329, -1.4086191654205322, -1.3544979661837542, 0.02717885109179171, 0.0, 0.9987055115056607, -1.4182955554889205, -1.3431048898909834, 1763139456708919420, 
0.8238146305084229, -1.4115395545959473, -1.3546428556090442, 0.029827553216746006, 0.009059442207217216, 0.9991468919960048, -1.421508450582769, -1.3440086199233312, 1763139456814523480, 
0.8245481848716736, -1.4143239259719849, -1.3550138164758032, 0.030771235959460477, 9.700949885882437e-05, 1.001525352824232, -1.4248575727746022, -1.347172906922027, 1763139456915560527, 
0.8255022764205933, -1.4204015731811523, -1.3646469599437658, 0.03031122667625648, -0.06082869693636894, 1.003768448797974, -1.4277166291537875, -1.352482396877476, 1763139457104575487, 
0.8267598748207092, -1.4266328811645508, -1.3703910875864282, 0.028042948657524297, -0.015714621171355247, 1.005623580723624, -1.4324894648673911, -1.3557444550750914, 1763139457315554825, 
0.8272626399993896, -1.4291845560073853, -1.3712082758703061, 0.027890051311713543, -0.013096167705953121, 1.0036275541825, -1.4350400034656152, -1.359598209742401, 1763139457412538400, 
0.8277591466903687, -1.4316532611846924, -1.3713696142215002, 0.027384206645940153, 0.008522105403244495, 1.0060030213074975, -1.4438907374076262, -1.3595406876545855, 1763139457504902254, 
0.8289342522621155, -1.4377384185791016, -1.3729707414548855, 0.029979125740906137, -0.007186731323599815, 1.0078845690793754, -1.4460899779851233, -1.3605186279168666, 1763139457715538673, 
0.8293282389640808, -1.4404774904251099, -1.3754829126888988, 0.0283123442715777, -0.027017483487725258, 1.011767777947194, -1.4473974151287874, -1.3601277319836695, 1763139457812146369, 
0.8297812342643738, -1.443676233291626, -1.3779315861755086, 0.02825573387146224, -0.033146295696496964, 1.0098644264208125, -1.4540177993682395, -1.3648881382204843, 1763139457923504595, 
0.830746591091156, -1.4489758014678955, -1.3788077422158225, 0.024909582981353876, 0.0, 1.0075728749165405, -1.4585777601967589, -1.3686775218960694, 1763139458119575159, 
0.8311806917190552, -1.4513596296310425, -1.3788077422158225, 0.028585672622706507, 0.0, 1.0084339532946727, -1.4626920122970037, -1.368527748132919, 1763139458208575241, 
0.8316610455513, -1.4541796445846558, -1.3788077422158225, 0.028406348876123626, 0.0, 1.0108883775485955, -1.468770691755982, -1.371519613673557, 1763139458308898744, 
0.832248866558075, -1.4576506614685059, -1.3816458475738256, 0.034971603209497194, -0.05700103938579559, 1.0095302973133646, -1.4709104971378206, -1.375587317370464, 1763139458418574179, 
0.8330246210098267, -1.4628535509109497, -1.3876142601458235, 0.020465945805835845, 0.0, 1.012137144657635, -1.4787729484614034, -1.3797106671118973, 1763139458608545732, 
