acc_x, acc_y, angular_z, stamp, 
-0.02831745147705078, 0.021735727787017822, -0.0021358207460710917, 1759498557027737604, 
-0.0006531476974487305, 0.004032135009765625, -0.0003231351880215243, 1759498557057789694, 
0.012010812759399414, -0.002040266990661621, -0.0003179236570248967, 1759498557086850416, 
-0.012726247310638428, 0.00025576353073120117, -0.00028544226477191463, 1759498557117980547, 
-0.0051419734954833984, 0.04323500394821167, -0.00028617031044992876, 1759498557148004229, 
0.025825440883636475, 0.008710145950317383, -0.00027279031194933715, 1759498557178204573, 
0.013383924961090088, -0.016798853874206543, -0.00025598685149501603, 1759498557208539609, 
0.016773104667663574, -0.033513426780700684, -0.00022464523255452285, 1759498557240999016, 
-0.022668957710266113, 0.01694399118423462, -0.0002598418845676472, 1759498557268384559, 
-0.008112430572509766, 0.020071089267730713, -0.00022584667435053356, 1759498557298321327, 
0.04053729772567749, 0.005761981010437012, -0.00021668091864835348, 1759498557328436574, 
-0.011860132217407227, -0.012414932250976562, -0.00020935796652530765, 1759498557358477683, 
-0.03370678424835205, -0.012776434421539307, -0.00019743535533700834, 1759498557388532033, 
0.009632587432861328, 0.021759986877441406, -0.00018502685586559395, 1759498557418679660, 
-0.012030541896820068, -0.0021811723709106445, -0.00017980096698818303, 1759498557448719767, 
0.00042885541915893555, -0.022077858448028564, -0.00016530839401196476, 1759498557480322176, 
-0.010297834873199463, -0.00911635160446167, -0.000162084549161798, 1759498557511458783, 
-0.020969092845916748, 0.007235109806060791, -0.00017190658155513932, 1759498557539090428, 
0.0043160319328308105, -0.01081758737564087, -0.00015422984369014921, 1759498557569124830, 
0.01670527458190918, -0.012592732906341553, -0.0001508797507584594, 1759498557599043994, 
-0.029815316200256348, 0.0023851990699768066, -0.0001463305107814302, 1759498557629085690, 
-0.0240633487701416, -0.0011632442474365234, -0.0001402233603033699, 1759498557659167849, 
0.021281123161315918, 0.022129416465759277, -0.0001382973624505417, 1759498557689245636, 
0.025162577629089355, -0.022281885147094727, -0.00011756453286124917, 1759498557720580139, 
-0.014639079570770264, 0.01574164628982544, -0.00012760647633040006, 1759498557778834747, 
0.0265386700630188, -0.011549174785614014, -0.0001081125134883423, 1759498557839812776, 
0.05726730823516846, -0.0268285870552063, -6.782943579899993e-05, 1759498557869635118, 
0.012283384799957275, -0.012823224067687988, 0.0012401361454042188, 1759498557899674463, 
0.39630216360092163, 0.08599579334259033, 0.003514667306867446, 1759498557929759512, 
0.33687329292297363, 0.4376916289329529, 0.13502198815957472, 1759498557960346045, 
0.4225007891654968, -0.46170568466186523, 0.4654161922429532, 1759498558020201878, 
0.9558757543563843, 0.07063043117523193, 0.44276579627337065, 1759498558050053289, 
0.00923454761505127, 0.28783535957336426, 0.4543299874330436, 1759498558080259281, 
0.3171428442001343, -0.08133590221405029, 0.4599147605160811, 1759498558110174020, 
-0.2829938530921936, 0.40727877616882324, 0.4276182897877867, 1759498558140363508, 
-0.09999608993530273, -0.6331310272216797, 0.46950801478790943, 1759498558170312359, 
-0.8412184119224548, 0.33980435132980347, 0.48971887846141343, 1759498558201120815, 
0.33602726459503174, 0.12137126922607422, 0.49840998220398636, 1759498558232378142, 
-0.22603344917297363, -0.2743337154388428, 0.5357603596571489, 1759498558260626599, 
0.2419775128364563, 0.042832136154174805, 0.49453403272147844, 1759498558290618205, 
-0.07101768255233765, 0.008965373039245605, 0.5248312166396382, 1759498558320653630, 
0.06932938098907471, 0.13041025400161743, 0.49335731159647145, 1759498558350708630, 
0.2496303915977478, -0.1680467128753662, 0.4798106515075281, 1759498558379821568, 
-0.5574515461921692, 0.18573814630508423, 0.44743318806280064, 1759498558410894812, 
0.07075726985931396, 0.014638543128967285, 0.47002796542937936, 1759498558440974355, 
-0.48147112131118774, -0.14212971925735474, 0.5143738290098446, 1759498558472396344, 
0.4137640595436096, -0.06472915410995483, 0.5140171430640204, 1759498558504312563, 
-0.14556920528411865, -0.042384982109069824, 0.5381518636520771, 1759498558531395591, 
0.0826040506362915, -0.04676753282546997, 0.4773087778410367, 1759498558561226483, 
0.19554489850997925, 0.013882756233215332, 0.4097635113428497, 1759498558585006152, 
-0.10090118646621704, 0.22116827964782715, 0.5946314977404046, 1759498558611582601, 
0.16166788339614868, -0.005418360233306885, 0.5243186116974312, 1759498558641653824, 
-0.22312062978744507, -0.3746132254600525, 0.5331353015662567, 1759498558671456706, 
0.2711595892906189, 0.03218156099319458, 0.5522970253883305, 1759498558701538830, 
-0.32712286710739136, 0.17393624782562256, 0.5434335018283643, 1759498558731582133, 
0.4072880744934082, -0.08937472105026245, 0.5090687540121442, 1759498558761761363, 
-0.17868423461914062, -0.03839689493179321, 0.4798013110245134, 1759498558791764752, 
0.587734580039978, -0.1447460651397705, 0.4631027677880815, 1759498558824645994, 
-0.003109276294708252, 0.30217790603637695, 0.555474537349467, 1759498558852129012, 
-0.2386801838874817, 0.05244290828704834, 0.5123305128835339, 1759498558881949410, 
0.6572315692901611, -0.1053929328918457, 0.5066084707262575, 1759498558912240321, 
-0.3748266100883484, -0.09816473722457886, 0.5158007615447219, 1759498558942062580, 
0.19481664896011353, 0.028785228729248047, 0.5137115632790267, 1759498558972151104, 
-0.6229451298713684, 0.0060124993324279785, 0.5304466932495326, 1759498559002238543, 
0.38971269130706787, -0.051832616329193115, 0.5082578657183411, 1759498559032860637, 
-0.05670207738876343, -0.24112427234649658, 0.5039260756685721, 1759498559064611124, 
-0.36996036767959595, 0.19624000787734985, 0.5600851192435573, 1759498559092683166, 
0.2831522226333618, -0.002007722854614258, 0.49710309062299685, 1759498559122480743, 
-0.568788468837738, -0.1886107325553894, 0.4803038269734758, 1759498559152530213, 
0.45264798402786255, -0.08369702100753784, 0.4727839397809688, 1759498559182640087, 
0.22012227773666382, 0.03999274969100952, 0.48916123196552885, 1759498559241842324, 
-0.30890703201293945, -0.22318100929260254, 0.499986755608207, 1759498559272955033, 
0.7283236384391785, -0.15472888946533203, 0.493680582428521, 1759498559304953283, 
-0.5654087066650391, 0.16379141807556152, 0.4924546469594872, 1759498559335223589, 
0.36759352684020996, -0.14488589763641357, 0.5386086336167388, 1759498559363236059, 
-0.2599349617958069, 0.024909794330596924, 0.49349713497975306, 1759498559393104523, 
-0.005317807197570801, -0.0325968861579895, 0.5110372964156001, 1759498559423184588, 
-0.04129546880722046, -0.06831479072570801, 0.5145901553553988, 1759498559453251376, 
-0.19214856624603271, 0.013793766498565674, 0.49947649490446333, 1759498559483308550, 
0.22642391920089722, 0.00981968641281128, 0.48164384541168614, 1759498559513277070, 
-0.47550302743911743, -0.053755998611450195, 0.45376611653701704, 1759498559545301697, 
1.1661808490753174, -0.0051285624504089355, 0.4825006842716858, 1759498559577080789, 
-0.2156122922897339, -0.04619663953781128, 0.5785523652601475, 1759498559603645231, 
0.07628780603408813, -0.004513740539550781, 0.518183223944458, 1759498559633652377, 
-0.10584980249404907, -0.18103301525115967, 0.5111104069506878, 1759498559663774289, 
-0.09035402536392212, -0.07851868867874146, 0.4604374165734266, 1759498559723899152, 
0.12911230325698853, 0.027875423431396484, 0.4910938278854344, 1759498559753967155, 
0.28829389810562134, -0.05154263973236084, 0.47299691133859323, 1759498559784889576, 
-0.12072062492370605, -0.0923272967338562, 0.4854348669523916, 1759498559816521941, 
0.34810715913772583, 0.0977095365524292, 0.5496140399363288, 1759498559844183328, 
-0.045621633529663086, -0.24250149726867676, 0.4850086019222365, 1759498559874178436, 
-0.15834444761276245, 0.1336563229560852, 0.5172834794561614, 1759498559904289701, 
0.15203559398651123, 0.0711931586265564, 0.4968875052442888, 1759498559934350622, 
0.006745040416717529, -0.10648345947265625, 0.46642914638262584, 1759498559964379765, 
-0.13756388425827026, -0.01924675703048706, 0.45153910507598727, 1759498559994771834, 
-0.5085232257843018, -0.17751604318618774, 0.5120721621991556, 1759498560025039819, 
0.22167325019836426, 0.0784878134727478, 0.47416589747209636, 1759498560057067012, 
-0.23919039964675903, -0.17786550521850586, 0.49386808778012514, 1759498560087243074, 
0.11532831192016602, -0.0749165415763855, 0.5529583479033203, 1759498560114778297, 
-0.02048414945602417, 0.005771934986114502, 0.5329506860046962, 1759498560143824188, 
-0.26398414373397827, 0.06704491376876831, 0.5183585713203975, 1759498560173855755, 
0.3033459782600403, 0.08095860481262207, 0.45802461335579736, 1759498560204927427, 
-0.449470579624176, -0.41292452812194824, 0.4593312673470543, 1759498560235006403, 
1.0758272409439087, 0.06753683090209961, 0.4928490870057396, 1759498560265111007, 
-0.042705237865448, 0.1721823811531067, 0.5062431812425136, 1759498560296678133, 
0.3425474166870117, -0.002098381519317627, 0.507118589353148, 1759498560328473569, 
-0.4313099980354309, -0.3075472116470337, 0.5921079919706014, 1759498560355365747, 
-0.030074775218963623, -0.22437208890914917, 0.5110597640026561, 1759498560385385763, 
-0.14367061853408813, 0.05095076560974121, 0.49248752875708135, 1759498560415406325, 
0.28789442777633667, 0.1282660961151123, 0.45654530040458896, 1759498560445521311, 
0.28734105825424194, -0.084841787815094, 0.4739861866163732, 1759498560475557974, 
-0.23513376712799072, -0.08070385456085205, 0.4849794176689745, 1759498560505668686, 
0.1531996726989746, 0.10078930854797363, 0.4751853280470942, 1759498560536634638, 
-0.18292659521102905, -0.10958278179168701, 0.4652796034047479, 1759498560569177402, 
0.20529872179031372, -0.38405829668045044, 0.5767715112673502, 1759498560595897945, 
-0.6017261743545532, 0.1290745735168457, 0.5104134385012516, 1759498560625872656, 
0.1509914994239807, -0.13212370872497559, 0.4859105164145672, 1759498560655958004, 
0.13574177026748657, 0.028132140636444092, 0.4486874899289169, 1759498560686049975, 
0.3327285051345825, -0.08865553140640259, 0.46839256550529695, 1759498560716146941, 
0.1863112449645996, -0.12611055374145508, 0.5074190137767984, 1759498560746239353, 
-0.2706093192100525, 0.1295710802078247, 0.4995842914006016, 1759498560776522570, 
0.027986764907836914, -0.26268506050109863, 0.4614176148307249, 1759498560808497008, 
-0.4321577548980713, 0.032716989517211914, 0.5293408802329297, 1759498560836433405, 
0.08853316307067871, -0.5484105944633484, 0.4926595001136552, 1759498560867134330, 
-0.3621617555618286, 0.3472846746444702, 0.44040528183037947, 1759498560897206739, 
0.09102654457092285, -0.03810042142868042, 0.47701915948333257, 1759498560927163266, 
0.24877184629440308, -0.3796292543411255, 0.5299845765013914, 1759498560957206041, 
-0.07765442132949829, 0.1056358814239502, 0.4913100793888922, 1759498560987452520, 
0.27333152294158936, -0.22936075925827026, 0.4926889495575893, 1759498561017393099, 
-0.02080446481704712, 0.21323442459106445, 0.4686594404380567, 1759498561048519677, 
-0.09260070323944092, -0.10795938968658447, 0.4490440498760976, 1759498561079539640, 
-0.28887420892715454, -0.08033961057662964, 0.5232896106435063, 1759498561107540200, 
0.24054837226867676, -0.24237793684005737, 0.4841980804510338, 1759498561137388776, 
-0.2954184412956238, -0.29847246408462524, 0.42312530296882905, 1759498561161023394, 
0.1167955994606018, 0.14192485809326172, 0.5568592300131601, 1759498561197375945, 
-0.2950679659843445, -0.27971476316452026, 0.5037916059685306, 1759498561227441842, 
-0.10429108142852783, 0.05257159471511841, 0.5050709440009157, 1759498561257495016, 
0.20054441690444946, -0.04619783163070679, 0.47798760951425834, 1759498561288606920, 
-0.40307188034057617, 0.04008352756500244, 0.48758409593689034, 1759498561320495024, 
0.21458131074905396, -0.138116717338562, 0.554290256752606, 1759498561348067027, 
-0.634733259677887, -0.03620415925979614, 0.4918614039955978, 1759498561377623928, 
0.4490036964416504, -0.07669335603713989, 0.49647523351437517, 1759498561407682542, 
-0.4392024278640747, -0.29150891304016113, 0.5328905973163126, 1759498561437763995, 
0.2956496477127075, 0.01430356502532959, 0.5378108547251015, 1759498561467806376, 
-0.21658480167388916, 0.04179227352142334, 0.4986401488497632, 1759498561497901418, 
-0.07179945707321167, -0.1994876265525818, 0.48538628393022637, 1759498561528991851, 
0.2069532871246338, -0.04029667377471924, 0.4684797080897206, 1759498561560587655, 
-0.6538998484611511, 0.01581716537475586, 0.5225794263948886, 1759498561588175904, 
0.7196232080459595, -0.17157524824142456, 0.49001710520543634, 1759498561618184056, 
-0.2771672010421753, -0.06521892547607422, 0.4957267484849279, 1759498561648275505, 
-0.060384511947631836, 0.051785051822662354, 0.48693644393517843, 1759498561678397823, 
-0.03296548128128052, -0.010939180850982666, 0.5132816529806461, 1759498561708351710, 
-0.38111454248428345, -0.048502564430236816, 0.5175111550536731, 1759498561738695633, 
-0.22727108001708984, -0.24816787242889404, 0.5418326837445545, 1759498561768558414, 
0.1836555004119873, 0.02458655834197998, 0.5067902574050778, 1759498561799819493, 
0.3435375690460205, 0.022119581699371338, 0.48443684580747226, 1759498561830705720, 
0.10065668821334839, -0.0779837965965271, 0.5114705585916922, 1759498561858712739, 
0.20154023170471191, -0.03154867887496948, 0.4817174621579679, 1759498561888777176, 
-0.21008312702178955, -0.2240808606147766, 0.4506396777761478, 1759498561911388995, 
-0.05868971347808838, -0.0029106736183166504, 0.5437757473796605, 1759498561948896648, 
-0.4272710680961609, -0.017390668392181396, 0.5308032189698901, 1759498561978992737, 
-0.15549397468566895, -0.21802014112472534, 0.5460475607623427, 1759498562009086214, 
-0.0342831015586853, 0.02944016456604004, 0.5103205534260804, 1759498562041256472, 
0.39374929666519165, 0.007647395133972168, 0.47377042307351136, 1759498562072559079, 
0.14204508066177368, -0.20252251625061035, 0.4688247801603141, 1759498562099307395, 
-0.22577649354934692, -0.10655975341796875, 0.4222171872379808, 1759498562129331578, 
0.17607194185256958, 0.15071958303451538, 0.45310912816090887, 1759498562159398032, 
-0.21473199129104614, -0.010796964168548584, 0.4930696659260812, 1759498562189479356, 
-0.2239786982536316, -0.20003312826156616, 0.5101944175750873, 1759498562219584255, 
0.06162136793136597, 0.27143973112106323, 0.5183584410270636, 1759498562249640347, 
-0.45389991998672485, -0.19747841358184814, 0.5195405442508605, 1759498562280689649, 
1.0515764951705933, -0.28799885511398315, 0.4766295378811289, 1759498562312586209, 
-0.16151881217956543, 0.18289196491241455, 0.5200502720083068, 1759498562339896910, 
0.24166136980056763, -0.1310490369796753, 0.4808739566522769, 1759498562369874021, 
-0.28205329179763794, 0.14436858892440796, 0.4710647237015789, 1759498562399953845, 
-0.1477101445198059, -0.20350134372711182, 0.49120624070486113, 1759498562430055270, 
-0.2997613549232483, -0.24348461627960205, 0.49776736825346646, 1759498562460132684, 
-0.18160390853881836, 0.3402007818222046, 0.4871390759301084, 1759498562490162669, 
-0.3067595362663269, -0.14617902040481567, 0.5020856664582366, 1759498562520736126, 
-0.2995544672012329, -0.08441734313964844, 0.47869970868762657, 1759498562553005146, 
0.18451088666915894, -0.11438292264938354, 0.5557717169957069, 1759498562580411753, 
0.08760589361190796, -0.040093302726745605, 0.5066375965046067, 1759498562610536979, 
0.10401397943496704, -0.008784651756286621, 0.4738686993605669, 1759498562640592950, 
-0.6064854264259338, -0.11110401153564453, 0.485290824127807, 1759498562670672983, 
0.1281030774116516, 0.07720440626144409, 0.47127379380618645, 1759498562700680452, 
-0.5587818026542664, -0.1292547583580017, 0.4730747817882331, 1759498562731026817, 
0.3195849061012268, 0.013612329959869385, 0.4865447819637472, 1759498562760981688, 
-0.34819263219833374, -0.07454890012741089, 0.46373616764872644, 1759498562792564139, 
0.07266062498092651, -0.011318802833557129, 0.5304552170731632, 1759498562819990874, 
-0.19812220335006714, -0.1920296549797058, 0.49446878097505237, 1759498562851119071, 
-0.21599823236465454, 0.22142237424850464, 0.5344755378771645, 1759498562881103789, 
0.412314236164093, -0.23082709312438965, 0.4761596752017143, 1759498562911161252, 
-0.4085737466812134, -0.3853328227996826, 0.4579222097715741, 1759498562941172367, 
-0.09423023462295532, 0.24738895893096924, 0.4597828407256191, 1759498562971259659, 
-0.7007724642753601, 0.23433566093444824, 0.46042364791654367, 1759498563001399745, 
-0.4119027853012085, -0.22598475217819214, 0.4832973260812864, 1759498563031849427, 
0.26757705211639404, -0.005849719047546387, 0.47045327793896563, 1759498563065244753, 
-0.09364575147628784, -0.018105268478393555, 0.6177294078002014, 1759498563092177588, 
0.36669158935546875, -0.04772043228149414, 0.562318045267084, 1759498563122146696, 
0.0028745532035827637, 0.020622730255126953, 0.496647051735809, 1759498563152272367, 
-0.17423385381698608, -0.27433067560195923, 0.4764534624201436, 1759498563182298964, 
0.2807433009147644, 0.020223379135131836, 0.4926603330510355, 1759498563212266517, 
-0.04041004180908203, 0.16183531284332275, 0.47355204837639503, 1759498563242250087, 
-0.38957881927490234, -0.04218357801437378, 0.45780296724571584, 1759498563272607442, 
-0.15112465620040894, -0.02117711305618286, 0.44774496496108057, 1759498563303825940, 
-0.3825069069862366, -0.1074744462966919, 0.5475210754517724, 1759498563332373275, 
0.15208733081817627, 0.21211791038513184, 0.5544201205374912, 1759498563362381909, 
-0.15056931972503662, -0.07457494735717773, 0.5758074208968544, 1759498563392446057, 
-0.40998339653015137, -0.07729405164718628, 0.5376705220064186, 1759498563422509336, 
-0.06252717971801758, -0.0977281928062439, 0.489557923430789, 1759498563452516311, 
-0.6385735869407654, 0.05596858263015747, 0.4889640189410277, 1759498563482510295, 
0.3283212184906006, 0.008770942687988281, 0.4423764477084124, 1759498563513082504, 
-0.4851040244102478, -0.06669312715530396, 0.41743233403382074, 1759498563544878176, 
-0.07517671585083008, 0.013307571411132812, 0.4988016207861319, 1759498563572704193, 
0.008363544940948486, 0.11021184921264648, 0.5243060634625495, 1759498563602682024, 
-0.87708580493927, 0.05899542570114136, 0.5411203176690791, 1759498563632775577, 
1.349976658821106, -0.15910297632217407, 0.5554336265473553, 1759498563662873329, 
-0.5009543895721436, -0.09981799125671387, 0.5250207798512938, 1759498563692920200, 
0.4097776412963867, -0.038207173347473145, 0.5033640671773353, 1759498563722988042, 
-0.27338600158691406, 0.3804805874824524, 0.4317371811051084, 1759498563753091473, 
-0.3233964443206787, -0.30119359493255615, 0.4119448131194434, 1759498563783837980, 
0.0674598217010498, 0.03540104627609253, 0.41757911958300375, 1759498563815914030, 
-0.25520628690719604, 0.16325479745864868, 0.5244121791404365, 1759498563843318720, 
0.073367178440094, -0.18287920951843262, 0.5108060955170751, 1759498563873330653, 
-0.2640405297279358, 0.2822086215019226, 0.5153752043419112, 1759498563903423715, 
-0.0866425633430481, -0.10458123683929443, 0.52483237395108, 1759498563933488190, 
0.21457839012145996, -0.051464855670928955, 0.529300236869139, 1759498563963568752, 
0.17906403541564941, -0.0022963881492614746, 0.48683723538691775, 1759498563993601032, 
-0.18497735261917114, 0.13797873258590698, 0.46695289186878575, 1759498564025268123, 
-0.019325554370880127, 0.10520106554031372, 0.46311776372756264, 1759498564057075048, 
-0.34763455390930176, -0.2588496208190918, 0.5653012115505696, 1759498564084012457, 
-0.06278389692306519, 0.12831473350524902, 0.5279735073075371, 1759498564113894531, 
-0.10963976383209229, 0.05980437994003296, 0.5188865031998806, 1759498564143938018, 
-0.598253607749939, -0.04790639877319336, 0.5369908325285631, 1759498564174028357, 
0.04733467102050781, -0.04693245887756348, 0.4845590681358251, 1759498564204257611, 
-0.0027040839195251465, 0.07706046104431152, 0.4714365882745878, 1759498564234147960, 
-0.005029797554016113, 0.10675233602523804, 0.4491130040192297, 1759498564265401548, 
-0.054298460483551025, 0.05715036392211914, 0.47455114419829, 1759498564296973682, 
-0.4592689275741577, 0.2945910692214966, 0.5347093227279655, 1759498564324413694, 
0.5019607543945312, -0.2500739097595215, 0.4977618477131499, 1759498564354439880, 
-0.5397685170173645, 0.03086566925048828, 0.5032644953633578, 1759498564384528209, 
-0.3434140086174011, 0.017499029636383057, 0.5150920786299851, 1759498564444679792, 
0.19812721014022827, -0.1590486764907837, 0.48898594186699, 1759498564474777449, 
-0.40348201990127563, -0.12770789861679077, 0.4696851040968319, 1759498564504985013, 
-0.4227972626686096, 0.1923953890800476, 0.4525402105784744, 1759498564537497783, 
-0.05140155553817749, 0.00025779008865356445, 0.5125547744099612, 1759498564566348841, 
-0.2911883592605591, -0.02979600429534912, 0.508962578606372, 1759498564595037087, 
-0.14699691534042358, -0.11822140216827393, 0.5120891877400165, 1759498564624049729, 
-0.4039587378501892, 0.09400326013565063, 0.48037556033754386, 1759498564655067974, 
-0.5260639786720276, 0.09371745586395264, 0.5170697314546063, 1759498564685147551, 
0.1309671401977539, -0.07701754570007324, 0.5299136485636748, 1759498564715262510, 
0.020411431789398193, 0.00292128324508667, 0.523940484295917, 1759498564745315064, 
-0.029215633869171143, 0.032718122005462646, 0.47666158933749475, 1759498564776948260, 
0.10287880897521973, 0.17190039157867432, 0.45694023873664674, 1759498564808713167, 
-0.33557581901550293, 0.047584712505340576, 0.5296321651749363, 1759498564845524122, 
-0.08269906044006348, -0.05961167812347412, 0.48150048183920385, 1759498564875594788, 
-0.366990327835083, 0.0961604118347168, 0.48493626310208227, 1759498564905670167, 
-0.1562744379043579, 0.20716369152069092, 0.46352252465215826, 1759498564937072589, 
-0.11867845058441162, -0.16314560174942017, 0.5756646887311584, 1759498564996234872, 
0.5819916725158691, -0.002592027187347412, 0.5283475573917598, 1759498565025962685, 
-0.42071670293807983, 0.1455034613609314, 0.49174843090319675, 1759498565056007410, 
0.15574878454208374, 0.0879659652709961, 0.47851226753642057, 1759498565086359579, 
-0.5717594027519226, -0.018441379070281982, 0.4824624233737389, 1759498565116248245, 
-0.4259852170944214, 0.05432271957397461, 0.48210494743478227, 1759498565146236302, 
0.2295743227005005, 0.01478874683380127, 0.47082141802228733, 1759498565177597705, 
-0.3294077515602112, 0.05043470859527588, 0.4828394879171512, 1759498565208755389, 
0.5117830634117126, 0.10951787233352661, 0.5640397739272519, 1759498565236500098, 
-0.2349044680595398, 0.06873869895935059, 0.5148896314179985, 1759498565266491926, 
-0.09243518114089966, -0.02652639150619507, 0.5096314879646973, 1759498565296629764, 
0.01213061809539795, 0.20669806003570557, 0.4594921103222954, 1759498565327240473, 
0.06144726276397705, 0.2910458445549011, 0.467526720629443, 1759498565387580369, 
-0.020878195762634277, 0.020577669143676758, 0.46754894965073546, 1759498565417486697, 
-0.3734654188156128, 0.0936627984046936, 0.47874861478729014, 1759498565448807408, 
0.14856010675430298, 0.10235601663589478, 0.4891373495499713, 1759498565479576497, 
-0.3951442837715149, -0.11792993545532227, 0.5540083861799713, 1759498565507375428, 
-0.10128122568130493, 0.10152655839920044, 0.49689334826964215, 1759498565537431068, 
-0.14109468460083008, -0.11926496028900146, 0.49035783441137293, 1759498565567380801, 
0.019105076789855957, 0.2853507399559021, 0.506890142212579, 1759498565597498685, 
-0.004735171794891357, 0.06856608390808105, 0.46941684876451134, 1759498565627542057, 
-0.007556140422821045, 0.18395209312438965, 0.4699507477013742, 1759498565657632337, 
-0.24991095066070557, 0.14030301570892334, 0.4659054671688749, 1759498565689212955, 
0.33009225130081177, -0.14416778087615967, 0.5031151716662648, 1759498565721048140, 
-0.3426803946495056, 0.28736644983291626, 0.5945352530134836, 1759498565747761562, 
0.00428318977355957, -0.002824127674102783, 0.5166582681502652, 1759498565777688965, 
-0.3372812271118164, -0.20765429735183716, 0.5193220174628964, 1759498565807711057, 
-0.5957552790641785, 0.14646685123443604, 0.5103679885214634, 1759498565836826753, 
0.2600759267807007, 0.10777539014816284, 0.45750982946296787, 1759498565867879892, 
-0.36998915672302246, 0.18222057819366455, 0.46659560286218055, 1759498565898022523, 
0.32074958086013794, -0.031711041927337646, 0.4728719896202601, 1759498565928761699, 
-0.1797664761543274, 0.24937087297439575, 0.4759140298338152, 1759498565961030979, 
-0.09987807273864746, 0.019726097583770752, 0.5942991835867036, 1759498565988169123, 
-0.49422597885131836, -0.0777772068977356, 0.46526395497395107, 1759498566040720487, 
-0.02894914150238037, 0.1211392879486084, 0.537819769208699, 1759498566078344581, 
-0.21471768617630005, 0.1477111577987671, 0.5015881769668206, 1759498566108426040, 
0.18992960453033447, 0.10477715730667114, 0.46682721948312356, 1759498566138650254, 
0.048622846603393555, 0.008177638053894043, 0.47897633628311864, 1759498566169404070, 
-0.1304713487625122, -0.009291291236877441, 0.4705773347131751, 1759498566201217731, 
-0.1749529242515564, 0.388888418674469, 0.5417638897030984, 1759498566229125369, 
-0.27651292085647583, 0.034146010875701904, 0.5247791898321239, 1759498566258809919, 
-0.396912157535553, -0.05617344379425049, 0.5035267204352766, 1759498566289058335, 
-0.10981988906860352, 0.037570834159851074, 0.47687641279531706, 1759498566311031655, 
-0.10698038339614868, 0.2960807681083679, 0.5207880666645205, 1759498566339279704, 
0.1463833451271057, 0.08052170276641846, 0.4752506400151831, 1759498566369027951, 
0.036921799182891846, -0.0075116753578186035, 0.4944844646220027, 1759498566399042878, 
-0.17701226472854614, 0.11517530679702759, 0.5020530198558811, 1759498566429149422, 
0.15747278928756714, 0.10775315761566162, 0.49821611362011264, 1759498566459238425, 
-0.29355520009994507, -0.10177141427993774, 0.5017231160520434, 1759498566489338427, 
-0.37022465467453003, 0.15044152736663818, 0.4698791379379117, 1759498566521263741, 
0.03307831287384033, 0.023883283138275146, 0.4839072161128495, 1759498566552487057, 
-0.5714808106422424, 0.1664852499961853, 0.5503145765889567, 1759498566579885420, 
0.0074048638343811035, 0.06663328409194946, 0.48549246357687015, 1759498566609587776, 
-0.3379138708114624, -0.033951640129089355, 0.486238793944565, 1759498566639633923, 
0.11107426881790161, 0.18742936849594116, 0.4880887677680047, 1759498566669723278, 
-0.2192896008491516, 0.011792421340942383, 0.48087588536286135, 1759498566699789693, 
-0.1337154507637024, 0.27361732721328735, 0.49839693820729486, 1759498566729885423, 
-0.09914124011993408, 0.12212270498275757, 0.4756672285897153, 1759498566760800283, 
-0.1866653561592102, -0.020278871059417725, 0.48711892577026367, 1759498566791831994, 
0.28358346223831177, 0.25153887271881104, 0.5165175770955991, 1759498566820118531, 
0.19959723949432373, -0.1954740285873413, 0.4976753999938144, 1759498566850112560, 
-0.01178598403930664, 0.20148581266403198, 0.4978174226852036, 1759498566880190147, 
-0.06579875946044922, 0.23275041580200195, 0.4771141381557336, 1759498566970422159, 
-0.04745042324066162, -0.2502400279045105, 0.49248991232896655, 1759498567001129070, 
-0.2727546691894531, 0.4391980767250061, 0.4677925169630923, 1759498567033256892, 
0.00034224987030029297, 0.12253451347351074, 0.5403028486287772, 1759498567060671478, 
-0.2969772219657898, -0.10051167011260986, 0.4924709224297209, 1759498567090670304, 
-0.3676740527153015, 0.1588531732559204, 0.4863512666687644, 1759498567111816344, 
0.20242279767990112, 0.38635867834091187, 0.5399830861933201, 1759498567150879368, 
0.07792133092880249, 0.01959282159805298, 0.4869620303743463, 1759498567181006646, 
0.05560356378555298, 0.28952890634536743, 0.5046017192502992, 1759498567241013174, 
-0.6124593019485474, 0.07922226190567017, 0.4856646699260593, 1759498567272791138, 
-0.5555068850517273, 0.023411691188812256, 0.5059437135550897, 1759498567331540167, 
0.12293165922164917, -0.08004766702651978, 0.5005843482428212, 1759498567361318463, 
-0.04464834928512573, 0.31972718238830566, 0.4442580043484153, 1759498567384645146, 
0.08262348175048828, 0.14711624383926392, 0.5680870639399698, 1759498567421597336, 
-0.4242691993713379, -0.0981600284576416, 0.4965720288747832, 1759498567451490808, 
0.13585078716278076, -0.0417749285697937, 0.48314709806397904, 1759498567481762528, 
-0.42076802253723145, 0.32128095626831055, 0.4595035570004566, 1759498567513115277, 
0.18980121612548828, 0.10106122493743896, 0.4516420951737677, 1759498567545488839, 
-0.04728490114212036, 0.23005390167236328, 0.5320960109075098, 1759498567571921064, 
-0.6526390910148621, -0.14155155420303345, 0.5014028316493592, 1759498567601999946, 
0.2630932927131653, 0.16446000337600708, 0.5293471856316362, 1759498567631886117, 
0.7013661861419678, -0.30239033699035645, 0.5160107994059062, 1759498567692011584, 
-0.6584057211875916, 0.022127270698547363, 0.48106901932985413, 1759498567722078570, 
0.4987993836402893, 0.2437860369682312, 0.5001975676017995, 1759498567752001002, 
-0.3334895372390747, 0.4000953435897827, 0.41981890706350444, 1759498567785190577, 
-0.4148790240287781, -0.08486413955688477, 0.5269412370802005, 1759498567812412377, 
0.531745195388794, 0.04511523246765137, 0.49542597134236493, 1759498567842760173, 
-0.00042617321014404297, 0.3445751667022705, 0.5293972044694457, 1759498567872436007, 
0.5530972480773926, 0.12038499116897583, 0.5297801513475421, 1759498567902770826, 
-0.2768961787223816, -0.014802217483520508, 0.5145983374530086, 1759498567932611846, 
0.1781787872314453, -0.12542271614074707, 0.5136607016280144, 1759498567962656999, 
0.3227551579475403, 0.11390382051467896, 0.46718262201268673, 1759498567993466832, 
-0.01873934268951416, 0.29345858097076416, 0.45163825660371604, 1759498568025112437, 
0.02694040536880493, 0.0483165979385376, 0.5083026407198163, 1759498568053188781, 
-0.042972028255462646, 0.16093778610229492, 0.4926871681167628, 1759498568083030020, 
-0.019771218299865723, 0.14446985721588135, 0.49148254591176993, 1759498568113140011, 
-0.32435035705566406, 0.0967627763748169, 0.5042373736004655, 1759498568143077018, 
0.22999799251556396, 0.17722630500793457, 0.5000472332932011, 1759498568173421197, 
0.1442049741744995, -0.04548025131225586, 0.5285066944928154, 1759498568202201879, 
0.048367083072662354, 0.06347769498825073, 0.47244200880357945, 1759498568233534184, 
-0.13298249244689941, 0.03183746337890625, 0.44523989984769263, 1759498568265407286, 
0.2558148503303528, 0.23108047246932983, 0.4836063736011085, 1759498568296071862, 
0.36137694120407104, 0.23028844594955444, 0.511995095449544, 1759498568323552062, 
-0.35637515783309937, 0.003743767738342285, 0.47879839334152047, 1759498568352962569, 
0.2725543975830078, 0.2955780625343323, 0.45197975921112227, 1759498568383679167, 
-0.6237101554870605, -0.28396284580230713, 0.49305440899452674, 1759498568413737875, 
0.6776980757713318, 0.2056865096092224, 0.5538334965944365, 1759498568443743445, 
-0.30956679582595825, 0.14337480068206787, 0.5365327400677221, 1759498568472822368, 
0.6966859102249146, -0.15544980764389038, 0.4517285581300411, 1759498568505517653, 
-0.23814314603805542, 0.04265701770782471, 0.4501683612978515, 1759498568537163175, 
-0.6413309574127197, 0.19126832485198975, 0.5536199906147445, 1759498568564081833, 
0.31670081615448, 0.24222588539123535, 0.48061615840006927, 1759498568594126415, 
-0.26105451583862305, -0.011309206485748291, 0.48797266566189773, 1759498568624232615, 
-0.10705894231796265, -0.004530847072601318, 0.5149682765482493, 1759498568653472943, 
-0.5734084248542786, 0.22048956155776978, 0.507372691707778, 1759498568684303226, 
-0.25708824396133423, 0.19561326503753662, 0.5470120828076229, 1759498568714427662, 
0.052529990673065186, -0.054380595684051514, 0.5035978659969872, 1759498568745622233, 
0.53285813331604, -0.10218614339828491, 0.4671507200524968, 1759498568777154819, 
-0.2481822371482849, 0.18302887678146362, 0.5267795143342111, 1759498568805055604, 
0.09181207418441772, 0.18254119157791138, 0.4992950084102373, 1759498568834658043, 
0.07335186004638672, 0.14559012651443481, 0.42170471664619624, 1759498568857404310, 
0.20505738258361816, -0.1156466007232666, 0.5352841393991978, 1759498568894782237, 
0.35282766819000244, 0.017368316650390625, 0.5276043550650205, 1759498568923843302, 
-0.7747442722320557, 0.26663434505462646, 0.5132084473584708, 1759498568954922139, 
0.4179574251174927, -0.04243391752243042, 0.5204720560991787, 1759498568985488266, 
-0.692555844783783, -0.07796698808670044, 0.4782614146917678, 1759498569017669977, 
0.8470884561538696, -0.2409876585006714, 0.5282604961087158, 1759498569047586281, 
-0.3483448624610901, 0.4097425937652588, 0.5076961048947559, 1759498569075705554, 
-0.28218787908554077, 0.12037938833236694, 0.5041238743783705, 1759498569105261519, 
0.16435492038726807, 0.04868590831756592, 0.47338858314694865, 1759498569135344967, 
-0.39221853017807007, 0.0369722843170166, 0.474914277715832, 1759498569165382290, 
0.6223441362380981, 0.19353163242340088, 0.4534851412080371, 1759498569195607154, 
0.04287034273147583, 0.2298489212989807, 0.48077307495307287, 1759498569225561872, 
0.0017226934432983398, -0.10349667072296143, 0.48485569913123117, 1759498569257054252, 
0.2721675634384155, 0.05863112211227417, 0.5091905352299891, 1759498569289045104, 
-0.7938142418861389, 0.1801052689552307, 0.6260454142215369, 1759498569315808668, 
0.8563260436058044, -0.19346922636032104, 0.5378610441548315, 1759498569345750996, 
-0.2941058874130249, 0.04778522253036499, 0.417798299850593, 1759498569368930851, 
0.27174437046051025, -0.17531150579452515, 0.5334981757320847, 1759498569405895427, 
-0.3414456844329834, 0.24316293001174927, 0.4594619075893286, 1759498569436037393, 
0.0006351470947265625, -0.02310425043106079, 0.46278501197331234, 1759498569466165676, 
0.093189537525177, 0.054305851459503174, 0.5010669579218818, 1759498569497087262, 
0.21430307626724243, 0.15292906761169434, 0.4934432706102111, 1759498569529623030, 
-0.044448137283325195, -0.057008445262908936, 0.5873769387669862, 1759498569556518700, 
0.2911701798439026, 0.06098681688308716, 0.5048057523844225, 1759498569586585306, 
0.15882742404937744, 0.07878172397613525, 0.4437360891168382, 1759498569676601153, 
-0.427280068397522, -0.07909345626831055, 0.4525023087613178, 1759498569706671300, 
0.2700522541999817, -0.006971597671508789, 0.4576624337346155, 1759498569737340131, 
-0.46378737688064575, 0.09881758689880371, 0.4685504340845721, 1759498569768905656, 
-0.16527915000915527, 0.42923057079315186, 0.552266254603551, 1759498569796996960, 
0.23422926664352417, -0.1571827530860901, 0.5279202989220805, 1759498569827701063, 
-0.18426036834716797, 0.08876758813858032, 0.5592733952969188, 1759498569857702873, 
0.11842358112335205, -0.016784608364105225, 0.501912117196592, 1759498569887740036, 
-0.31649452447891235, 0.025772929191589355, 0.423584082225104, 1759498569917668541, 
0.3443176746368408, 0.12419813871383667, 0.43105694779963105, 1759498569947623426, 
-0.14139574766159058, 0.0654226541519165, 0.4827646528618916, 1759498569977610223, 
-0.14721375703811646, 0.1439496874809265, 0.4716948226782094, 1759498570009079125, 
-0.5375193357467651, -0.18409013748168945, 0.4764492600112423, 1759498570040449961, 
-0.7229119539260864, -0.39219915866851807, 0.4331531812160749, 1759498570067756334, 
-0.6588677167892456, -0.053582191467285156, 0.2161763836034702, 1759498570097705417, 
-0.10901796817779541, 0.06191748380661011, 0.09797112672250481, 1759498570127802076, 
-0.19321990013122559, -0.27378761768341064, 0.03129780064105054, 1759498570156841819, 
0.11124825477600098, -0.03844881057739258, -0.009728895678053974, 1759498570187860843, 
-0.07809662818908691, 0.21454530954360962, -0.016290317202777207, 1759498570217933383, 
0.15834462642669678, -0.11331737041473389, 0.0006459541756317848, 1759498570249029909, 
0.03708970546722412, 0.0006444454193115234, 0.001142718341752384, 1759498570281159209, 
0.053116559982299805, 0.02032691240310669, 0.005925285315884548, 1759498570308068005, 
-0.03123617172241211, 0.016423285007476807, 0.009258279615473257, 1759498570338088281, 
0.08336812257766724, 0.06134921312332153, 0.012635179228937511, 1759498570361542989, 
0.07441359758377075, -0.008873939514160156, -0.0039059036339840164, 1759498570667825403, 
-0.025988996028900146, -0.007870256900787354, 0.001690941477503361, 1759498570698915241, 
0.004697740077972412, 0.03756815195083618, 0.002818774030005855, 1759498570728984275, 
0.11718732118606567, 0.03201037645339966, 0.0002821528601039169, 1759498570761305152, 
0.14197593927383423, 0.04555898904800415, 0.0008436814603549535, 1759498570791541411, 
0.5365999341011047, 0.4355009198188782, 0.16099457108386453, 1759498570829170391, 
1.3248578310012817, 0.27906346321105957, 0.4170289457611088, 1759498570859357099, 
0.5358940362930298, -0.007039368152618408, 0.4802064497427844, 1759498570888347608, 
0.7211307287216187, 0.002208232879638672, 0.4345226981763386, 1759498570921265012, 
-0.033551812171936035, 0.09482675790786743, 0.5009729811320189, 1759498570952098869, 
0.1998235583305359, 0.16202890872955322, 0.5876176275506054, 1759498570979972882, 
-0.07461696863174438, 0.17695802450180054, 0.5689182810465729, 1759498571009627977, 
0.48389536142349243, -0.06350022554397583, 0.563772426225199, 1759498571039660076, 
-0.42366868257522583, 0.012215793132781982, 0.5454906318274795, 1759498571059759035, 
0.22107934951782227, 0.037727177143096924, 0.519784163909651, 1759498571090131615, 
-0.10228186845779419, 0.08777099847793579, 0.5492811948649038, 1759498571118834759, 
-0.16651111841201782, 0.005883336067199707, 0.49126517030339206, 1759498571149931887, 
0.27465206384658813, 0.1922113299369812, 0.44514417558988983, 1759498571179974945, 
-0.21722203493118286, -0.09717726707458496, 0.43814772539881763, 1759498571210753710, 
1.1316888332366943, -0.05117952823638916, 0.48214438854743863, 1759498571241284749, 
-0.2723535895347595, 0.225389301776886, 0.48281902822039, 1759498571273399579, 
0.5811083912849426, -0.18150854110717773, 0.5761896043573248, 1759498571310463146, 
0.003672957420349121, 0.14525306224822998, 0.5281277084833222, 1759498571340401418, 
0.3629630208015442, 0.014794647693634033, 0.4969863104884962, 1759498571370435367, 
0.011566698551177979, -0.05841410160064697, 0.4551016223867609, 1759498571401380247, 
-0.3103105425834656, 0.04302549362182617, 0.4413269755363964, 1759498571433358333, 
0.70919269323349, 0.01495140790939331, 0.55237793804604, 1759498571460687155, 
-0.32619428634643555, 0.08479225635528564, 0.485611869692804, 1759498571491322782, 
0.12138587236404419, -0.08913952112197876, 0.5061243034846796, 1759498571520814552, 
-0.15690308809280396, 0.1699051856994629, 0.49938401839648844, 1759498571550953833, 
0.06836402416229248, -0.025222361087799072, 0.4996557544415189, 1759498571581216579, 
0.004178285598754883, -0.21470540761947632, 0.47600385584223526, 1759498571641471343, 
0.10141170024871826, -0.075156569480896, 0.45353844405799565, 1759498571673164607, 
0.11157125234603882, 0.1619119644165039, 0.49588702507137344, 1759498571701398537, 
-0.09596937894821167, -0.04610997438430786, 0.48752441283343884, 1759498571731394253, 
-0.0006517767906188965, 0.1084139347076416, 0.49106222423759693, 1759498571761369781, 
0.026429176330566406, -0.005745410919189453, 0.46141836735296543, 1759498571782889599, 
-0.4330068826675415, 0.07245755195617676, 0.542135377284629, 1759498571811478108, 
0.6336641311645508, -0.23717689514160156, 0.5096500700705934, 1759498571841631257, 
-0.01877349615097046, 0.1302015781402588, 0.4346874804331932, 1759498571864584259, 
0.14016234874725342, 0.012493371963500977, 0.5739866176675296, 1759498571891737665, 
0.3386838436126709, -0.12165069580078125, 0.5226552760581566, 1759498571921658921, 
-0.7021965980529785, 0.07053673267364502, 0.5042983262515554, 1759498571952084071, 
0.77689528465271, -0.16077953577041626, 0.4957347647371913, 1759498571981974412, 
-0.18400615453720093, -0.2520383596420288, 0.46661160596085555, 1759498572011919133, 
-0.23774969577789307, 0.20073610544204712, 0.4739278777518627, 1759498572041980644, 
0.0965537428855896, 0.1512312889099121, 0.4663737267303357, 1759498572073359406, 
0.44772011041641235, -0.12602680921554565, 0.5724516216398922, 1759498572132360574, 
-0.35058683156967163, 0.044584453105926514, 0.5660018858962976, 1759498572162498829, 
-0.29327690601348877, -0.2423507571220398, 0.49173146073555074, 1759498572222392270, 
-0.19925826787948608, -0.07274389266967773, 0.47951057748136827, 1759498572282508070, 
0.3558335304260254, 0.27218782901763916, 0.46128089733451394, 1759498572313479868, 
0.10753375291824341, 0.13615143299102783, 0.44975915336689454, 1759498572345751165, 
0.6317434310913086, -0.16801917552947998, 0.561035006550823, 1759498572372803649, 
-0.05767756700515747, -0.002752959728240967, 0.5361667357298987, 1759498572402772905, 
-0.13927078247070312, 0.19075077772140503, 0.5456016589207736, 1759498572432870882, 
-0.05618411302566528, -0.18879204988479614, 0.5434411565626794, 1759498572462930111, 
-0.4878159165382385, -0.16489535570144653, 0.5275872430132987, 1759498572493155698, 
0.7759815454483032, -0.228274405002594, 0.49738427142787806, 1759498572523073236, 
-0.6810057759284973, 0.004705309867858887, 0.4471522021501372, 1759498572553807444, 
0.22229665517807007, 0.06603151559829712, 0.429584788080793, 1759498572585294739, 
-0.3650834560394287, 0.10114681720733643, 0.5001122915898926, 1759498572613367538, 
-0.051892757415771484, -0.00512319803237915, 0.4749075682077655, 1759498572643402534, 
0.7090686559677124, 0.11078375577926636, 0.523689531777408, 1759498572673405606, 
0.5861279964447021, -0.2359400987625122, 0.5136380269167309, 1759498572733732784, 
-0.06878024339675903, -0.05376154184341431, 0.5089967246045508, 1759498572763604544, 
-0.1934136152267456, -0.10912072658538818, 0.46545018518348186, 1759498572793796121, 
0.19601452350616455, 0.14207208156585693, 0.45841576079254537, 1759498572825392912, 
-0.30637770891189575, -0.06226706504821777, 0.4920853299559844, 1759498572855881306, 
0.32320261001586914, -0.09850448369979858, 0.5464586820226774, 1759498572884020955, 
-0.45536643266677856, 0.045767247676849365, 0.5147679102076322, 1759498572913959791, 
0.3129836320877075, -0.13758325576782227, 0.5073276560493801, 1759498572944002032, 
-0.29251986742019653, 0.09546244144439697, 0.4995564654804387, 1759498572974061076, 
0.16027843952178955, -0.19972187280654907, 0.5008104293071423, 1759498573004184559, 
-0.38794904947280884, 0.024982810020446777, 0.4804936978441359, 1759498573034226855, 
0.3635384440422058, -0.055504798889160156, 0.4673377823737761, 1759498573065254737, 
-0.20710980892181396, -0.10085439682006836, 0.46033323352073785, 1759498573097212343, 
-0.3723325729370117, 0.04730653762817383, 0.5393540976146443, 1759498573124489449, 
0.06411588191986084, -0.17207884788513184, 0.5110287265514252, 1759498573153622379, 
-0.3513127565383911, 0.1083645224571228, 0.4637491978363007, 1759498573184545274, 
0.43676650524139404, -0.29345762729644775, 0.49013200222228925, 1759498573214611633, 
1.2134751081466675, -0.026442348957061768, 0.4890039267904792, 1759498573274802897, 
0.45579391717910767, 0.15352177619934082, 0.45548284781870957, 1759498573337556412, 
-0.6253358125686646, -0.18853163719177246, 0.5437813054323429, 1759498573375010157, 
-0.0032625198364257812, -0.25461632013320923, 0.5003542115697118, 1759498573435325554, 
-0.485836923122406, 0.09263032674789429, 0.5018678607186444, 1759498573465351923, 
-0.02604001760482788, -0.027025163173675537, 0.46260192941968103, 1759498573496824904, 
-0.3851361870765686, -0.11312192678451538, 0.45280174754314856, 1759498573528233180, 
-0.053131937980651855, -0.18472892045974731, 0.5449919089736289, 1759498573565446727, 
0.024792492389678955, 0.22016549110412598, 0.5586395653604395, 1759498573594493361, 
0.4265718460083008, -0.0095900297164917, 0.4907716834581305, 1759498573624816983, 
-0.20435452461242676, -0.19962167739868164, 0.4462191662126277, 1759498573657529329, 
-0.1908453106880188, -0.11449837684631348, 0.4705685836804978, 1759498573688769642, 
0.07509511709213257, -0.035153090953826904, 0.5414809229653059, 1759498573726115046, 
0.04252064228057861, -0.08840221166610718, 0.5046535510479333, 1759498573756114515, 
-0.006295919418334961, -0.07383298873901367, 0.5079734870260876, 1759498573785982894, 
0.24022388458251953, -0.10246932506561279, 0.48723191506868, 1759498573817688885, 
-0.042715251445770264, -0.01976799964904785, 0.4861493303689338, 1759498573849258622, 
0.47372931241989136, -0.016445934772491455, 0.5636198835209361, 1759498573876203679, 
-0.17470258474349976, -0.1476117968559265, 0.4917342126361227, 1759498573906472178, 
-0.3475721478462219, 0.03499436378479004, 0.42526575376743964, 1759498573929600777, 
-0.0324859619140625, -0.1643691062927246, 0.5661179444346871, 1759498573956739160, 
-0.39887166023254395, -0.026123523712158203, 0.5252502552486413, 1759498573986766120, 
0.2289906144142151, -0.023272454738616943, 0.5244235705712104, 1759498574016460906, 
-0.4439789652824402, -0.2803594470024109, 0.5079502779947238, 1759498574046544191, 
-0.12139594554901123, 0.01225978136062622, 0.4921142076220765, 1759498574076591308, 
-0.07720959186553955, -0.08952218294143677, 0.5019901755964367, 1759498574106959198, 
-0.10242223739624023, 0.0177609920501709, 0.47496945204681024, 1759498574138373119, 
0.1049225926399231, 0.010553419589996338, 0.48910393763468535, 1759498574169265577, 
-0.14005780220031738, -0.025983154773712158, 0.5161958985586842, 1759498574197454220, 
0.11129587888717651, -0.1585446000099182, 0.48372173598740775, 1759498574227058481, 
-0.07445734739303589, 0.018667399883270264, 0.4929186340540084, 1759498574257114342, 
-0.06824558973312378, -0.13860392570495605, 0.4942480138123361, 1759498574287788059, 
-0.2507932782173157, -0.062138259410858154, 0.5136186299129336, 1759498574317883563, 
0.14781290292739868, 0.03344428539276123, 0.5072798763923331, 1759498574376855852, 
0.4758399724960327, -0.14968830347061157, 0.4466915500379084, 1759498574409562174, 
-0.028091073036193848, -0.022001981735229492, 0.43556132725417485, 1759498574440293369, 
0.07331913709640503, 0.012944161891937256, 0.46925834966440527, 1759498574467901284, 
0.030258774757385254, -0.0923166275024414, 0.45358373361381527, 1759498574498013772, 
-0.1715063452720642, 0.01336759328842163, 0.48373334484759517, 1759498574527934012, 
-0.09937530755996704, -0.16668915748596191, 0.5190782245262499, 1759498574557906186, 
-0.05340033769607544, -0.043846070766448975, 0.5516893896065903, 1759498574588035937, 
-0.17255032062530518, -0.007488429546356201, 0.5297846795351715, 1759498574618108752, 
-0.009853541851043701, -0.3112673759460449, 0.46437880575989865, 1759498574650171763, 
0.02881687879562378, 0.07032310962677002, 0.4343017696773993, 1759498574681456991, 
0.06518137454986572, -0.10346651077270508, 0.5130646986375564, 1759498574708170754, 
-0.24239331483840942, -0.13956332206726074, 0.49012486753062023, 1759498574738090500, 
0.08464545011520386, 0.16733598709106445, 0.4062781789350236, 1759498574761351628, 
-0.17005395889282227, -0.32786107063293457, 0.5411668856464266, 1759498574788270726, 
-0.05328857898712158, 0.21874666213989258, 0.4896960864085584, 1759498574818288974, 
0.1492326259613037, -0.3001837134361267, 0.5232753956953226, 1759498574848353733, 
-0.05594068765640259, 0.05272179841995239, 0.560519342207107, 1759498574878405201, 
0.17001134157180786, 0.10351020097732544, 0.5614687990152221, 1759498574908472051, 
-0.02559751272201538, -0.1855754256248474, 0.49819009916881424, 1759498574938782984, 
0.2020432949066162, -0.1290266513824463, 0.43094186197548734, 1759498574969678566, 
-0.20512855052947998, -0.07496064901351929, 0.4412598178368823, 1759498575001274606, 
0.021283507347106934, 0.1518399715423584, 0.5331241319984934, 1759498575027843797, 
-0.16989684104919434, -0.0708736777305603, 0.4592129088949655, 1759498575058865432, 
-0.18214493989944458, -0.3295706510543823, 0.48808729577463256, 1759498575088946629, 
-0.05383110046386719, -0.055741310119628906, 0.5174734483820121, 1759498575119000122, 
-0.2628389596939087, 0.259271502494812, 0.5416461993984588, 1759498575149110624, 
0.2139924168586731, -0.11275023221969604, 0.5354668386368991, 1759498575179292555, 
-0.23477786779403687, -0.32761961221694946, 0.4998783801453664, 1759498575209580734, 
0.5904366374015808, -0.032064616680145264, 0.4550734813165922, 1759498575241455323, 
0.10949617624282837, 0.0330776572227478, 0.47294411639359907, 1759498575271625550, 
-0.10715460777282715, 0.07398718595504761, 0.4964336312307703, 1759498575299362140, 
-0.3620850443840027, -0.034207165241241455, 0.455482754029735, 1759498575329442704, 
-0.3342682123184204, -0.03459513187408447, 0.4175903965008053, 1759498575351451665, 
-0.08513402938842773, -0.0713350772857666, 0.5238610973555322, 1759498575379714485, 
-0.15932494401931763, -0.15174883604049683, 0.5003609677916588, 1759498575409697752, 
-0.3245849013328552, -0.05303269624710083, 0.4910520314709475, 1759498575439734629, 
-0.12418389320373535, -0.18454837799072266, 0.5293266743461124, 1759498575469801749, 
-0.3632112145423889, 0.07637888193130493, 0.5249675675579719, 1759498575499865482, 
-0.12425607442855835, -0.152238130569458, 0.5271784730134216, 1759498575529922008, 
-0.2728534936904907, -0.11627316474914551, 0.4802738496189092, 1759498575561234485, 
-0.3081825375556946, -0.19618266820907593, 0.4573798585345735, 1759498575593346244, 
-0.1347171664237976, -0.03309363126754761, 0.5469790014631457, 1759498575620177443, 
-0.2383776307106018, -0.11199331283569336, 0.4965723596019255, 1759498575650214793, 
-0.27847301959991455, -0.04950392246246338, 0.5217814261919307, 1759498575680281751, 
0.32690805196762085, -0.05876588821411133, 0.5294015518173324, 1759498575710328388, 
0.12523221969604492, 0.1507871150970459, 0.5150439071556671, 1759498575740355460, 
0.5778872966766357, -0.29752814769744873, 0.5136085212275261, 1759498575770457377, 
-0.027428627014160156, 0.11244863271713257, 0.47391875793535576, 1759498575802243194, 
-0.17920655012130737, -0.002882063388824463, 0.4756291131676718, 1759498575833333869, 
-0.18079477548599243, -0.23604440689086914, 0.5149421924286285, 1759498575860726099, 
-0.469947874546051, -0.12546807527542114, 0.45100663277489556, 1759498575890756447, 
0.23690640926361084, -0.015346229076385498, 0.48373409282115154, 1759498575920803505, 
-0.14770162105560303, 0.16308587789535522, 0.5171948509185834, 1759498575950887409, 
-0.070198655128479, -0.21839642524719238, 0.5175796537590256, 1759498575980909587, 
-0.16573858261108398, 0.01800757646560669, 0.5057856485388126, 1759498576011012965, 
0.08441126346588135, 0.00034630298614501953, 0.47355480238565967, 1759498576041225762, 
0.08650779724121094, -0.19771206378936768, 0.45214260780887333, 1759498576073538854, 
0.20963478088378906, 0.05956411361694336, 0.504655568887353, 1759498576101303454, 
-0.04228121042251587, -0.24241524934768677, 0.4517558029920312, 1759498576131265144, 
-0.05246305465698242, -0.05016279220581055, 0.4777397512804837, 1759498576161388008, 
-0.6023995280265808, 0.09945470094680786, 0.5023395403946047, 1759498576191390846, 
-0.4121905565261841, -0.12397831678390503, 0.5405583636578702, 1759498576221490433, 
-0.06118655204772949, -0.012220919132232666, 0.49526200234829215, 1759498576251588148, 
-0.09883052110671997, -0.24627941846847534, 0.47903761229321373, 1759498576281665112, 
-0.21720623970031738, 0.1067017912864685, 0.4715320989585317, 1759498576312821477, 
-0.3153638243675232, 0.04661518335342407, 0.4464655097265842, 1759498576345406622, 
-0.43430399894714355, -0.38517260551452637, 0.5026484606153249, 1759498576411910719, 
-0.4702562093734741, 0.20838922262191772, 0.5245228549100879, 1759498576442026177, 
0.09275639057159424, 0.16987395286560059, 0.5126963554230769, 1759498576473635657, 
-0.3116146922111511, -0.37694627046585083, 0.5300649599243566, 1759498576504839113, 
-0.1448127031326294, -0.11413389444351196, 0.557838896635389, 1759498576542240570, 
-0.20599454641342163, 0.21071457862854004, 0.4762981885066485, 1759498576572271471, 
0.09451943635940552, -0.2236989140510559, 0.4869189964127983, 1759498576602371503, 
-0.09090787172317505, -0.07069796323776245, 0.4919680130661073, 1759498576632999261, 
-0.1579355001449585, 0.10376697778701782, 0.46164040832769737, 1759498576665570938, 
-0.03482240438461304, -0.09047508239746094, 0.5170043559145199, 1759498576730853055, 
-0.16473186016082764, -0.07086795568466187, 0.4885178702168252, 1759498576762746617, 
0.43843960762023926, 0.3109634518623352, 0.4880839370889963, 1759498576793348661, 
-0.08053410053253174, -0.03254878520965576, 0.45936379828898927, 1759498576826005642, 
0.44048386812210083, 0.001481473445892334, 0.5393222375941124, 1759498576853024629, 
-0.33375799655914307, -0.12134391069412231, 0.48663469020545014, 1759498576883205375, 
0.39767569303512573, -0.003411531448364258, 0.48917804557632616, 1759498576913148157, 
-0.2071589231491089, 0.09616810083389282, 0.5101893227550299, 1759498576943238461, 
-0.1410515308380127, 0.03023165464401245, 0.5237536707847278, 1759498576973262931, 
-0.2158719301223755, -0.09116828441619873, 0.5022633902755209, 1759498577003628511, 
-0.17996269464492798, -0.06434524059295654, 0.5003472466879136, 1759498577033570932, 
-0.0015393495559692383, 0.03336089849472046, 0.45632072563547466, 1759498577065426979, 
-0.2928856611251831, -0.06630498170852661, 0.5268937171554344, 1759498577093814551, 
0.378826379776001, 0.0013837218284606934, 0.5007032199922844, 1759498577123721991, 
-0.18945050239562988, 0.11414074897766113, 0.5443897693580146, 1759498577152863971, 
-0.3529309034347534, -0.06276071071624756, 0.5187085129399513, 1759498577183702631, 
-0.22265666723251343, -0.008121490478515625, 0.5241923633429034, 1759498577213758625, 
-0.6337653398513794, -0.003675401210784912, 0.5192862138122593, 1759498577243993548, 
0.7746151089668274, -0.16082274913787842, 0.5202462191861452, 1759498577273894841, 
-0.17687726020812988, 0.08921748399734497, 0.4705933061790041, 1759498577305365757, 
0.05892586708068848, -0.20172399282455444, 0.47067391212789966, 1759498577336544174, 
-0.2953687906265259, 0.0933123230934143, 0.5227740328505444, 1759498577364296489, 
-0.047868430614471436, 0.07936197519302368, 0.48230163027034, 1759498577394150527, 
-0.1704249382019043, -0.16726499795913696, 0.49283361275273385, 1759498577424258531, 
-0.4392772316932678, -0.15466701984405518, 0.49105620058406646, 1759498577484407182, 
0.1611461639404297, 0.06677842140197754, 0.5098642931353843, 1759498577514442842, 
-0.4904804229736328, 0.04774153232574463, 0.4548407272607009, 1759498577546218965, 
-0.03312772512435913, -0.08248722553253174, 0.488517625317713, 1759498577577478054, 
-0.2791662812232971, 0.06986159086227417, 0.5671624151507508, 1759498577603713647, 
-0.16792649030685425, -0.0409083366394043, 0.5009341559385692, 1759498577633726238, 
-0.08204984664916992, 0.06364113092422485, 0.4688171275605276, 1759498577664807161, 
-0.38764435052871704, -0.28592628240585327, 0.46917151808872515, 1759498577694867269, 
-0.5528019666671753, 0.18559235334396362, 0.49048160609637803, 1759498577724978845, 
0.11135566234588623, 0.09542810916900635, 0.49300099178141826, 1759498577755036550, 
-0.1692470908164978, -0.017935335636138916, 0.47616524015822914, 1759498577785867686, 
0.6385897397994995, -0.06922310590744019, 0.4592414452437494, 1759498577817792599, 
-0.42433643341064453, -0.07655304670333862, 0.5759834137003593, 1759498577845303525, 
0.13390469551086426, 0.2086566686630249, 0.5063235605461331, 1759498577875250388, 
-0.42126554250717163, -0.12061703205108643, 0.4815383698255352, 1759498577905364295, 
-0.13021087646484375, -0.14476341009140015, 0.4593185745155441, 1759498577927636731, 
-0.3026236891746521, 0.07357257604598999, 0.49829245288877577, 1759498577995576947, 
0.004670619964599609, -0.04742473363876343, 0.4903458948954292, 1759498578025699552, 
-0.13924884796142578, 0.03289693593978882, 0.44963307278085773, 1759498578057725481, 
0.020646393299102783, 0.02692204713821411, 0.5648631943743513, 1759498578125871593, 
-0.21287846565246582, 0.17222553491592407, 0.5053563191138392, 1759498578155943305, 
0.28388357162475586, -0.06917256116867065, 0.49947482940785937, 1759498578186089959, 
-0.23061984777450562, 0.282870888710022, 0.4555122026397729, 1759498578217600315, 
-0.0811988115310669, 0.0406719446182251, 0.48066987916206433, 1759498578249402163, 
0.3387776017189026, 0.06511032581329346, 0.524067901334406, 1759498578276753923, 
-0.435905396938324, -0.044386863708496094, 0.4976585402139039, 1759498578306705791, 
0.26426446437835693, 0.11382591724395752, 0.515837754075174, 1759498578336382921, 
-0.28168797492980957, 0.04411578178405762, 0.516174254643724, 1759498578366679078, 
0.11690700054168701, 0.0786583423614502, 0.508681123410114, 1759498578396734154, 
-0.200028657913208, 0.012104213237762451, 0.49650003535568676, 1759498578426570000, 
-0.3176562786102295, 0.009574472904205322, 0.46882307952832153, 1759498578457458097, 
0.06461238861083984, 0.04133683443069458, 0.4195207011176884, 1759498578490408957, 
-0.2908964157104492, 0.10434144735336304, 0.5463683071451324, 1759498578516722930, 
-0.3135562539100647, 0.038876354694366455, 0.48004144776053853, 1759498578546787410, 
-0.1657857894897461, 0.07355809211730957, 0.48927889655790013, 1759498578576961136, 
-0.33011335134506226, 0.014003276824951172, 0.5029236440795591, 1759498578607039178, 
0.12354731559753418, 0.06215780973434448, 0.5278045184664912, 1759498578637041582, 
-0.17906486988067627, 0.11567610502243042, 0.5171110309392459, 1759498578667155690, 
-0.23817706108093262, -0.1659409999847412, 0.48862402684268375, 1759498578697545184, 
-0.08789271116256714, 0.1090821623802185, 0.43670111224965724, 1759498578729441905, 
-0.14491528272628784, 0.012896835803985596, 0.4984709522253659, 1759498578757398019, 
-0.08316397666931152, 0.18406474590301514, 0.4808974365305253, 1759498578787995144, 
0.019660532474517822, 0.09786707162857056, 0.4841019768881027, 1759498578818130459, 
-0.5787363648414612, -0.07023465633392334, 0.4836418275610737, 1759498578848163078, 
0.26749712228775024, 0.03380000591278076, 0.4996500601241261, 1759498578878052296, 
-0.9409356117248535, -0.003107607364654541, 0.5031205784262291, 1759498578908060296, 
0.4699113965034485, 0.035038650035858154, 0.4978539491638537, 1759498578938281963, 
-0.5039416551589966, -0.06554228067398071, 0.4511145099383099, 1759498578969440004, 
0.24399590492248535, 0.0535733699798584, 0.4732708930306381, 1759498579000926641, 
-0.1800302267074585, 0.23017370700836182, 0.5245193166509536, 1759498579028308750, 
-0.5432328581809998, -0.07793104648590088, 0.4782926436413046, 1759498579058187981, 
-0.06634920835494995, 0.09332388639450073, 0.46340996175044197, 1759498579088289633, 
-0.2886565923690796, -0.23124045133590698, 0.46187781433063474, 1759498579118520848, 
0.5741946697235107, 0.11333197355270386, 0.5458994334086985, 1759498579178371046, 
-0.342506468296051, -0.01901036500930786, 0.5169611852810392, 1759498579209392210, 
0.5018306970596313, -0.12786167860031128, 0.4606830202546747, 1759498579241777131, 
-0.0745927095413208, 0.2859090566635132, 0.5390482870484575, 1759498579278464460, 
-0.0182802677154541, 0.3039974570274353, 0.45836464930637455, 1759498579308522961, 
0.023281991481781006, -0.14727014303207397, 0.46890485189591824, 1759498579338733275, 
-0.3171505331993103, 0.07652491331100464, 0.4814705698871315, 1759498579369495531, 
-0.2534449100494385, 0.0577048659324646, 0.46269748230735397, 1759498579401719244, 
-0.2923675775527954, 0.2721633315086365, 0.5667797930065032, 1759498579428896715, 
0.1297297477722168, -0.0019849538803100586, 0.5160305222223934, 1759498579458911255, 
0.16296029090881348, -0.11641204357147217, 0.5094533111946908, 1759498579488980876, 
-0.12978917360305786, 0.33582639694213867, 0.5103563616005861, 1759498579519275231, 
0.44693922996520996, 0.18860483169555664, 0.4999600448072557, 1759498579549099541, 
0.02192312479019165, 0.09068018198013306, 0.46567967328422133, 1759498579579314630, 
0.025641143321990967, -0.01235818862915039, 0.4554108744637466, 1759498579610041404, 
0.24890410900115967, 0.09986239671707153, 0.44714655152038396, 1759498579641906999, 
-0.6127262711524963, 0.14173096418380737, 0.5460468047091176, 1759498579669725449, 
0.07674187421798706, 0.24897915124893188, 0.5308633357009409, 1759498579699455824, 
-0.3500116467475891, -0.12082529067993164, 0.5723047789984026, 1759498579729772023, 
0.5688020586967468, 0.02187567949295044, 0.5418291783050693, 1759498579759543661, 
-0.14549291133880615, 0.1857275366783142, 0.4949631561579616, 1759498579789640593, 
-0.29281747341156006, 0.13179755210876465, 0.4788503456960352, 1759498579819751081, 
-0.01727217435836792, -0.07314616441726685, 0.4656953491917269, 1759498579849786350, 
-0.11651146411895752, 0.05663895606994629, 0.439734947804781, 1759498579881764411, 
-0.11201357841491699, 0.20283406972885132, 0.4392307451911481, 1759498579912688038, 
-0.4424116015434265, 0.0937424898147583, 0.5344050265910648, 1759498579940441831, 
-0.2671729326248169, 0.15310347080230713, 0.5446669387584455, 1759498579970050118, 
0.13075876235961914, 0.154155433177948, 0.5513367644538877, 1759498580000103760, 
0.4150391221046448, -0.09091413021087646, 0.511734549884508, 1759498580020724363, 
-0.1463589072227478, -0.07972049713134766, 0.49734121900409084, 1759498580050642004, 
0.20879805088043213, 0.25426483154296875, 0.4748090872639872, 1759498580080345155, 
-0.0015137195587158203, 0.19252651929855347, 0.4557777149463132, 1759498580140657312, 
-0.0017809271812438965, 0.00786900520324707, 0.47419024293105677, 1759498580170475186, 
-0.15393394231796265, 0.1569221019744873, 0.48686297167412096, 1759498580201501314, 
0.29145175218582153, 0.30250608921051025, 0.487436005582384, 1759498580233471027, 
-0.028988003730773926, -0.16561609506607056, 0.5944666918288936, 1759498580259816766, 
0.1361357569694519, 0.04116934537887573, 0.5011261258932166, 1759498580290798502, 
0.24944865703582764, 0.1502426266670227, 0.4823423032564531, 1759498580320861528, 
-0.10705035924911499, 0.18565624952316284, 0.4901115612065689, 1759498580350966412, 
-0.039803266525268555, 0.20874953269958496, 0.46774050742554574, 1759498580380978117, 
-0.2661944031715393, -0.07466137409210205, 0.4801751317789351, 1759498580411161178, 
0.12510406970977783, 0.18171441555023193, 0.5167719905544755, 1759498580440833680, 
-0.1390400528907776, 0.01907050609588623, 0.4746479796571479, 1759498580473965265, 
-0.20874899625778198, 0.15197288990020752, 0.5735224334141014, 1759498580501399318, 
-0.1162378191947937, 0.12225937843322754, 0.4975530602458437, 1759498580531411352, 
-0.1447429656982422, -0.11003994941711426, 0.5097411998930738, 1759498580561555036, 
-0.006631672382354736, 0.25414347648620605, 0.48020844761825693, 1759498580591764171, 
-0.15249598026275635, 0.1605958342552185, 0.46225949463747346, 1759498580621787329, 
-0.03393608331680298, -0.12478727102279663, 0.4951205695722218, 1759498580682317501, 
-0.15458989143371582, 0.3323702812194824, 0.5102658691177914, 1759498580712849456, 
0.04355067014694214, -0.06022530794143677, 0.5698717407283074, 1759498580771236016, 
-0.0954398512840271, 0.04733020067214966, 0.5004087176515091, 1759498580802014818, 
0.264276921749115, 0.1693900227546692, 0.49574724816156457, 1759498580832009149, 
-0.19511055946350098, -0.0015267133712768555, 0.46897195908335004, 1759498580862394767, 
-0.11012250185012817, -0.04472559690475464, 0.4840264878100665, 1759498580892168315, 
-0.07062417268753052, 0.3079841732978821, 0.49361217567039545, 1759498580922297442, 
-0.6905110478401184, -0.0023581385612487793, 0.5116343281449435, 1759498580953758211, 
0.30302703380584717, 0.04952973127365112, 0.5035465648384911, 1759498580985666807, 
-0.6155474781990051, 0.10090136528015137, 0.5637038620226114, 1759498581013406819, 
0.31167590618133545, 0.005459606647491455, 0.5216691732791163, 1759498581043492833, 
-0.48401421308517456, 0.04282182455062866, 0.5165810217249969, 1759498581073143458, 
0.2618078589439392, 0.11872231960296631, 0.4945060070903911, 1759498581103292369, 
-0.0174369215965271, 0.08867830038070679, 0.476462357354837, 1759498581133166108, 
0.10389059782028198, 0.010653853416442871, 0.49658029835830286, 1759498581163262359, 
0.055920183658599854, 0.40279656648635864, 0.4774278461844095, 1759498581194044844, 
0.2586137652397156, 0.04841572046279907, 0.4944903843688851, 1759498581225999868, 
-0.06140792369842529, 0.08039689064025879, 0.562033986860513, 1759498581253244407, 
-0.41705524921417236, 0.009317517280578613, 0.5169504005194058, 1759498581283455670, 
0.08611321449279785, -0.028923749923706055, 0.5155608588638381, 1759498581313385583, 
-0.24285775423049927, 0.15520888566970825, 0.4808507985833607, 1759498581343590192, 
0.5670294761657715, -0.037647545337677, 0.5084933045866101, 1759498581373416279, 
-0.06998109817504883, 0.1256679892539978, 0.4889428282148061, 1759498581403630836, 
0.07597517967224121, 0.2649684548377991, 0.4822277656442599, 1759498581434051953, 
-0.1459330916404724, 0.1498062014579773, 0.4468191838383157, 1759498581466340846, 
-0.0809285044670105, 0.10086554288864136, 0.5503318663724878, 1759498581493607886, 
-0.006821274757385254, 0.028981506824493408, 0.5124023456161724, 1759498581523597099, 
0.09775352478027344, 0.23752135038375854, 0.4976801626701458, 1759498581553976617, 
0.4327859878540039, 0.04184538125991821, 0.5018169054084185, 1759498581583898311, 
-0.6362068057060242, 0.11496603488922119, 0.47374376167325716, 1759498581634013158, 
0.19819217920303345, 0.15053319931030273, 0.48033450334545225, 1759498581674454736, 
-0.040310561656951904, 0.12893140316009521, 0.4835801577229669, 1759498581704829668, 
-0.4808199405670166, 0.11454153060913086, 0.547093380061856, 1759498581764483588, 
0.27873045206069946, 0.1978786587715149, 0.4860422466894235, 1759498581794497084, 
-0.21542978286743164, -0.2462092638015747, 0.4919158554922258, 1759498581824553456, 
0.21434223651885986, 0.13851773738861084, 0.5132560550604343, 1759498581854361393, 
-0.11214876174926758, 0.23207032680511475, 0.501864336695345, 1759498581884572033, 
0.004770100116729736, 0.05572926998138428, 0.5240073820838317, 1759498581914636252, 
0.023017466068267822, 0.1205626130104065, 0.45408647150173015, 1759498581946252441, 
-0.18104571104049683, -0.17202889919281006, 0.4708710291053004, 1759498581977755318, 
-0.013746678829193115, 0.27504295110702515, 0.5538785513376921, 1759498582005035697, 
-0.12546300888061523, 0.28652292490005493, 0.49454894710091263, 1759498582034800489, 
-0.015182793140411377, 0.12789368629455566, 0.5303015846104597, 1759498582084939684, 
-0.2123204469680786, -0.0052103400230407715, 0.5431294495900814, 1759498582113914794, 
0.07455670833587646, 0.24177491664886475, 0.49747676198555224, 1759498582144989914, 
0.11299639940261841, -0.0013908147811889648, 0.49916329054750247, 1759498582175073629, 
0.3127341866493225, -0.06953591108322144, 0.49885829410842336, 1759498582205161427, 
0.2334839105606079, 0.043955981731414795, 0.48448741980770793, 1759498582235262658, 
0.26519274711608887, 0.32950514554977417, 0.4666425509070336, 1759498582266286066, 
0.08219009637832642, 0.08025074005126953, 0.45321931253622494, 1759498582298034634, 
-0.5092595219612122, -0.12355655431747437, 0.5255097531011491, 1759498582325573218, 
0.14484524726867676, 0.11689537763595581, 0.5271691684804478, 1759498582355523576, 
-0.0069345831871032715, 0.24021244049072266, 0.5570990160513551, 1759498582384817118, 
0.07030594348907471, 0.07162576913833618, 0.5010546644346746, 1759498582415744050, 
-0.2190822958946228, -0.10702377557754517, 0.500930249915048, 1759498582445755423, 
0.3433455228805542, 0.21314400434494019, 0.4871350630443936, 1759498582475757538, 
-0.36247360706329346, 0.09748941659927368, 0.4961303388482056, 1759498582505880923, 
0.03405112028121948, 0.15786898136138916, 0.46120294509356613, 1759498582537776795, 
-0.29658812284469604, -0.12133711576461792, 0.4985606262212834, 1759498582568696335, 
