x, y, th, stamp, 
-6.667112827301025, -9.694352149963379, 1.2373930166804126, 1759500107447966592, 
-6.667112827301025, -9.694352149963379, 1.2373930166804126, 1759500107495138642, 
-6.667112827301025, -9.694352149963379, 1.2373930166804126, 1759500107543241582, 
-6.667112827301025, -9.694352149963379, 1.2373930166804126, 1759500107591259888, 
-6.666967868804932, -9.693949699401855, 1.2373930166804126, 1759500107639076794, 
-6.665834426879883, -9.691529273986816, 1.2375973756652412, 1759500107688663315, 
-6.664808750152588, -9.68762493133545, 1.2367628787962066, 1759500107735043947, 
-6.663143157958984, -9.682701110839844, 1.2376160386190722, 1759500107783052683, 
-6.661182403564453, -9.677214622497559, 1.2383589319453232, 1759500107831767050, 
-6.658087730407715, -9.668389320373535, 1.2394843337668788, 1759500107895738455, 
-6.655130386352539, -9.660759925842285, 1.239176330897751, 1759500107943162386, 
-6.652100086212158, -9.652052879333496, 1.2385290036824024, 1759500107991422539, 
-6.648529052734375, -9.641985893249512, 1.238447436700801, 1759500108039375610, 
-6.644680976867676, -9.63107967376709, 1.2391509733221417, 1759500108086956294, 
-6.640512943267822, -9.618539810180664, 1.2382258506219026, 1759500108135666113, 
-6.6342549324035645, -9.59997272491455, 1.2376551242345923, 1759500108199191467, 
-6.628808975219727, -9.584663391113281, 1.237511383973395, 1759500108247458896, 
-6.623307228088379, -9.5684175491333, 1.2371313287493344, 1759500108294968873, 
-6.617353916168213, -9.551606178283691, 1.237131608347231, 1759500108343508999, 
-6.611208915710449, -9.533685684204102, 1.2379285700615172, 1759500108391505624, 
-6.604540824890137, -9.515482902526855, 1.2399393995274504, 1759500108440546332, 
-6.598433494567871, -9.497518539428711, 1.2405079327077382, 1759500108487100554, 
-6.592024803161621, -9.479427337646484, 1.2420533798733198, 1759500108534874173, 
-6.586061477661133, -9.461624145507812, 1.2437732853525674, 1759500108583565152, 
-6.578002452850342, -9.437627792358398, 1.2458389227717763, 1759500108647349374, 
-6.571999549865723, -9.419651985168457, 1.2475217279839028, 1759500108695117122, 
-6.566053867340088, -9.401779174804688, 1.247859746450872, 1759500108743116416, 
-6.560091495513916, -9.383795738220215, 1.247859746450872, 1759500108791236541, 
-6.554038047790527, -9.365876197814941, 1.2479356109121582, 1759500108839089514, 
-6.548160076141357, -9.347733497619629, 1.2485865876960274, 1759500108887205218, 
-6.542107582092285, -9.329774856567383, 1.2489869799757747, 1759500108935474100, 
-6.534021854400635, -9.30579948425293, 1.2513670316734942, 1759500108999203533, 
-6.5281219482421875, -9.287837982177734, 1.252400952551395, 1759500109047583914, 
-6.5220136642456055, -9.269881248474121, 1.2541169650532693, 1759500109095097890, 
-6.516323089599609, -9.25204849243164, 1.255193994835406, 1759500109143170895, 
-6.510310173034668, -9.233636856079102, 1.2568683284283706, 1759500109191081906, 
-6.504593372344971, -9.215559959411621, 1.258418414649617, 1759500109239094977, 
-6.498815059661865, -9.197190284729004, 1.260190881700959, 1759500109287133133, 
-6.493147373199463, -9.178939819335938, 1.262584656988003, 1759500109335428083, 
-6.485201835632324, -9.154258728027344, 1.2632241363607253, 1759500109398902978, 
-6.479414939880371, -9.136046409606934, 1.2644343217323328, 1759500109447245024, 
-6.473599433898926, -9.118127822875977, 1.2646655130122357, 1759500109495531195, 
-6.468040466308594, -9.099721908569336, 1.265394417073646, 1759500109543100827, 
-6.462273597717285, -9.081534385681152, 1.267278757519601, 1759500109591083915, 
-6.456616401672363, -9.06369686126709, 1.2689450202894372, 1759500109639098951, 
-6.451005935668945, -9.045580863952637, 1.2697360781175748, 1759500109687161034, 
-6.445474147796631, -9.027641296386719, 1.2707335981307564, 1759500109735626654, 
-6.438135147094727, -9.003592491149902, 1.2729255815508782, 1759500109799391366, 
-6.432559490203857, -8.98549747467041, 1.273588941301922, 1759500109847118458, 
-6.427202224731445, -8.967310905456543, 1.2746710247111526, 1759500109895411265, 
-6.421512603759766, -8.949207305908203, 1.275338971607049, 1759500109943119222, 
-6.416171073913574, -8.931102752685547, 1.275338971607049, 1759500109991087924, 
-6.410336971282959, -8.912897109985352, 1.2770267458559028, 1759500110039184045, 
-6.405029773712158, -8.894951820373535, 1.278044352255208, 1759500110087188702, 
-6.399300575256348, -8.87633228302002, 1.2801946418889454, 1759500110135345051, 
-6.392314434051514, -8.852291107177734, 1.2822922675318256, 1759500110199542007, 
-6.3868513107299805, -8.834125518798828, 1.2831159695591405, 1759500110247409365, 
-6.381645679473877, -8.816144943237305, 1.2849896241117422, 1759500110295771929, 
-6.376200199127197, -8.797508239746094, 1.2861737614529647, 1759500110344097807, 
-6.371102809906006, -8.779806137084961, 1.2872535297738872, 1759500110391100338, 
-6.365992546081543, -8.76141357421875, 1.2884630357797697, 1759500110439097339, 
-6.360743999481201, -8.743293762207031, 1.2893604490258872, 1759500110487211895, 
-6.3553690910339355, -8.724594116210938, 1.291714168691648, 1759500110536455021, 
-6.350300312042236, -8.70693588256836, 1.2926597291068092, 1759500110582881918, 
-6.3452229499816895, -8.688395500183105, 1.2935809592006795, 1759500110631453839, 
-6.338221549987793, -8.66361141204834, 1.295910960548173, 1759500110696122424, 
-6.333099365234375, -8.645456314086914, 1.2983037797109707, 1759500110743124513, 
-6.3280930519104, -8.627288818359375, 1.2996662405372874, 1759500110791101010, 
-6.323016166687012, -8.609046936035156, 1.3012686688705284, 1759500110839104300, 
-6.317999839782715, -8.590758323669434, 1.3019353245584295, 1759500110887267176, 
-6.312885761260986, -8.572020530700684, 1.3035626075486688, 1759500110936485481, 
-6.30660343170166, -8.547844886779785, 1.3046468258984332, 1759500110999004863, 
-6.303241729736328, -8.535538673400879, 1.3053455112459251, 1759500111031768772, 
-6.296623229980469, -8.510456085205078, 1.3061701837462671, 1759500111095940059, 
-6.291660308837891, -8.492578506469727, 1.3084159109605031, 1759500111143104948, 
-6.286684989929199, -8.474031448364258, 1.3097913271817716, 1759500111191236224, 
-6.282036781311035, -8.455881118774414, 1.3108230008926012, 1759500111239108094, 
-6.276966571807861, -8.436996459960938, 1.3132556570401663, 1759500111287228848, 
-6.27225923538208, -8.418083190917969, 1.3140347565942352, 1759500111337363053, 
-6.266160011291504, -8.39455795288086, 1.3166349393173018, 1759500111399203889, 
-6.261414051055908, -8.376151084899902, 1.318169578062629, 1759500111447448789, 
-6.2569050788879395, -8.357965469360352, 1.318169578062629, 1759500111494978458, 
-6.252203464508057, -8.339573860168457, 1.3198685697600916, 1759500111543124589, 
-6.247614860534668, -8.32119083404541, 1.3206955886434124, 1759500111591109006, 
-6.243095397949219, -8.302751541137695, 1.3216265793361983, 1759500111639174546, 
-6.238432884216309, -8.284518241882324, 1.3226956622660389, 1759500111687122037, 
-6.2335968017578125, -8.265779495239258, 1.3254348122737916, 1759500111735109319, 
-6.2289605140686035, -8.247474670410156, 1.326533373855107, 1759500111783066892, 
-6.222681522369385, -8.222527503967285, 1.3294455219167132, 1759500111848245194, 
-6.218448638916016, -8.204604148864746, 1.3298936321779258, 1759500111895055401, 
-6.2139177322387695, -8.186134338378906, 1.3321092129605963, 1759500111943092888, 
-6.209672451019287, -8.168190002441406, 1.3336359744586999, 1759500111991193089, 
-6.205296039581299, -8.14962387084961, 1.335477068276653, 1759500112039120395, 
-6.200982570648193, -8.130636215209961, 1.3370838752058354, 1759500112088285638, 
-6.196765422821045, -8.112533569335938, 1.3397531057650724, 1759500112135241806, 
-6.191072463989258, -8.08797836303711, 1.341290020539403, 1759500112198904666, 
-6.186736106872559, -8.068208694458008, 1.3449037265216797, 1759500112247058281, 
-6.182340621948242, -8.049476623535156, 1.347504144434895, 1759500112295330651, 
-6.177937030792236, -8.030484199523926, 1.349721900157958, 1759500112343326226, 
-6.1736836433410645, -8.011592864990234, 1.3506321581161362, 1759500112391351515, 
-6.169458389282227, -7.992728233337402, 1.352451259961687, 1759500112439466381, 
-6.165176868438721, -7.973714828491211, 1.3547050270347396, 1759500112487130472, 
-6.161080360412598, -7.954687118530273, 1.3547050270347396, 1759500112535088645, 
-6.1569695472717285, -7.935831546783447, 1.3561464435166863, 1759500112583271509, 
-6.151632308959961, -7.91038179397583, 1.3575693883800681, 1759500112647121260, 
-6.147677898406982, -7.891513824462891, 1.3591258408488918, 1759500112695596901, 
-6.143817901611328, -7.872740745544434, 1.359491948355184, 1759500112743573272, 
-6.139788627624512, -7.853177070617676, 1.3612854293750776, 1759500112791207415, 
-6.13581657409668, -7.833773136138916, 1.362622956996181, 1759500112840185581, 
-6.131755828857422, -7.814854621887207, 1.3656837560506816, 1759500112887097284, 
-6.127767562866211, -7.7955451011657715, 1.3674809178774765, 1759500112935087881, 
-6.123958587646484, -7.7766852378845215, 1.3706916421106208, 1759500112983441021, 
-6.118906021118164, -7.750767230987549, 1.3731085056891839, 1759500113047182809, 
-6.115110874176025, -7.732232093811035, 1.3732478554790202, 1759500113095130650, 
-6.111293315887451, -7.712791919708252, 1.3732478554811243, 1759500113143133386, 
-6.107583045959473, -7.6934943199157715, 1.373708884047212, 1759500113192098386, 
-6.10384464263916, -7.67463493347168, 1.374770434627829, 1759500113239114580, 
-6.099941730499268, -7.655657768249512, 1.3756724583244757, 1759500113287259793, 
-6.096190452575684, -7.636579990386963, 1.3756724583244757, 1759500113335102233, 
-6.092381000518799, -7.617227554321289, 1.3762774604511445, 1759500113383396791, 
-6.087189197540283, -7.5911478996276855, 1.3793200366395943, 1759500113447787635, 
-6.083439350128174, -7.572291851043701, 1.3806975278869453, 1759500113495152014, 
-6.079616069793701, -7.552915573120117, 1.3813515285810118, 1759500113543135845, 
